seed,target,method,setting,family,eer,auc,acc,n,minutes,trainable_params,crop,batch
0,asvspoof2019,source,transductive,ssl_aasist_wavefake,0.4658914728682191,0.999770607235142,89.49820788530467,5580,0.6411150733629862,0,64600,16
0,asvspoof2019,ours,transductive,ssl_aasist_wavefake,0.4658914728682191,0.9997712532299742,99.53405017921146,5580,8.86412839492162,16706,64600,16
0,arabic,source,transductive,ssl_aasist_wavefake,22.386770428015563,0.8578844357976654,59.26391382405745,5570,0.639417314529419,0,64600,16
0,arabic,ours,transductive,ssl_aasist_wavefake,22.659079118028536,0.858572438391699,77.36086175942549,5570,8.858281592528025,16706,64600,16
0,dataset2,source,transductive,ssl_aasist_wavefake,33.97761404556845,0.7340157712325368,66.876545986058,4447,0.6499333381652832,0,64600,16
0,dataset2,ours,transductive,ssl_aasist_wavefake,32.92170926388907,0.7446613329577314,67.9784124128626,4447,7.354224975903829,16706,64600,16
0,in_the_wild,source,transductive,ssl_aasist_wavefake,4.566666666666666,0.9862182222222222,80.88333333333333,6000,0.6854013482729594,0,64600,16
0,in_the_wild,ours,transductive,ssl_aasist_wavefake,4.316666666666666,0.9876774444444444,95.33333333333334,6000,9.563441149393718,16706,64600,16
0,arabic,source,transductive,deepfense_w2v2_aasist_s42,32.15869001297017,0.7343448119325551,53.85996409335727,5570,0.6049652377764384,0,64000,16
0,arabic,ours,transductive,deepfense_w2v2_aasist_s42,28.98028534370947,0.7676854085603112,71.0951526032316,5570,8.52855855623881,16706,64000,16
0,dataset2,source,transductive,deepfense_w2v2_aasist_s42,42.91316513005823,0.5854804972354,46.12098043624916,4447,0.589276913801829,0,64000,16
0,dataset2,ours,transductive,deepfense_w2v2_aasist_s42,42.703012222037394,0.5884138752524081,56.06026534742523,4447,6.955188401540121,16706,64000,16
0,in_the_wild,source,transductive,deepfense_w2v2_aasist_s42,14.499999999999998,0.930743277777778,51.13333333333333,6000,0.6194188237190247,0,64000,16
0,in_the_wild,ours,transductive,deepfense_w2v2_aasist_s42,12.133333333333333,0.9470529999999999,88.23333333333333,6000,8.990821528434754,16706,64000,16
0,arabic,source,transductive,deepfense_w2v2_aasist_s2,25.768287937743196,0.8144600518806744,58.92280071813285,5570,0.5886704126993815,0,64000,16
0,arabic,ours,transductive,deepfense_w2v2_aasist_s2,26.84079118028534,0.8021372243839169,72.11849192100539,5570,8.345582969983418,16706,64000,16
0,dataset2,source,transductive,deepfense_w2v2_aasist_s2,34.496616547287594,0.7169323604920224,66.33685630762312,4447,0.5654320240020752,0,64000,16
0,dataset2,ours,transductive,deepfense_w2v2_aasist_s2,34.719559347731675,0.7058837754952947,65.19001574094897,4447,6.76858826080958,16706,64000,16
0,in_the_wild,source,transductive,deepfense_w2v2_aasist_s2,8.599999999999998,0.973828388888889,90.05,6000,0.6165497461954753,0,64000,16
0,in_the_wild,ours,transductive,deepfense_w2v2_aasist_s2,8.149999999999999,0.9738651666666667,88.3,6000,8.964439074198404,16706,64000,16
0,arabic,source,transductive,deepfense_w2v2_aasist_s240,24.573476005188066,0.8236747730220493,58.9048473967684,5570,0.5986026247342427,0,64000,16
0,arabic,ours,transductive,deepfense_w2v2_aasist_s240,22.99805447470817,0.838978728923476,78.13285457809694,5570,8.384928182760875,16706,64000,16
0,dataset2,source,transductive,deepfense_w2v2_aasist_s240,27.455042111530293,0.7855595436274968,72.40836519001574,4447,0.5709461053212483,0,64000,16
0,dataset2,ours,transductive,deepfense_w2v2_aasist_s240,24.938256389583362,0.803399318654908,74.63458511355971,4447,6.780482876300812,16706,64000,16
0,in_the_wild,source,transductive,deepfense_w2v2_aasist_s240,6.766666666666666,0.980823611111111,75.58333333333334,6000,0.620078158378601,0,64000,16
0,in_the_wild,ours,transductive,deepfense_w2v2_aasist_s240,6.6999999999999975,0.9817469444444444,91.73333333333333,6000,8.973964885870616,16706,64000,16
0,asvspoof2021df,source,transductive,ssl_aasist_wavefake,3.316666666666664,0.9937529444444444,70.3,6000,2.0753557960192364,0,64600,16
0,asvspoof2021df,ours,transductive,ssl_aasist_wavefake,3.3000000000000016,0.9939938888888888,91.7,6000,10.876151458422344,16706,64600,16
0,asvspoof2021df,source,transductive,deepfense_w2v2_aasist_s42,4.983333333333332,0.9912886666666667,80.46666666666667,6000,2.0161051670710246,0,64000,16
0,asvspoof2021df,ours,transductive,deepfense_w2v2_aasist_s42,3.5999999999999996,0.9947841666666667,86.48333333333333,6000,10.35098365942637,16706,64000,16
0,asvspoof2021df,source,transductive,deepfense_w2v2_aasist_s2,4.616666666666667,0.9916910555555556,88.53333333333333,6000,2.0199114282925925,0,64000,16
0,asvspoof2021df,ours,transductive,deepfense_w2v2_aasist_s2,4.783333333333334,0.9917545000000001,85.36666666666667,6000,10.356696339448293,16706,64000,16
0,asvspoof2021df,source,transductive,deepfense_w2v2_aasist_s240,4.716666666666669,0.9920422777777779,86.96666666666667,6000,2.0219471573829653,0,64000,16
0,asvspoof2021df,ours,transductive,deepfense_w2v2_aasist_s240,4.599999999999999,0.9922993888888888,81.88333333333333,6000,10.33370570341746,16706,64000,16
0,asvspoof2019,source,transductive,ssl_aasist_wavefake,0.4658914728682191,0.999770607235142,89.49820788530467,5580,0.6435441811879475,0,64600,16
0,asvspoof2019,tent,transductive,ssl_aasist_wavefake,0.34108527131782773,0.9998121447028423,99.6415770609319,5580,3.950586175918579,16706,64600,16
0,arabic,source,transductive,ssl_aasist_wavefake,22.386770428015563,0.8578844357976654,59.26391382405745,5570,0.602731990814209,0,64600,16
0,arabic,tent,transductive,ssl_aasist_wavefake,22.789623865110244,0.8563980544747083,53.85996409335727,5570,3.9145583311716714,16706,64600,16
0,dataset2,source,transductive,ssl_aasist_wavefake,33.97761404556845,0.7340157712325368,66.876545986058,4447,0.5818041364351908,0,64600,16
0,dataset2,tent,transductive,ssl_aasist_wavefake,33.690752138765475,0.7265619150192597,66.8990330559928,4447,3.2277658224105834,16706,64600,16
0,in_the_wild,source,transductive,ssl_aasist_wavefake,4.566666666666666,0.9862182222222222,80.88333333333333,6000,0.6387588699658712,0,64600,16
0,in_the_wild,tent,transductive,ssl_aasist_wavefake,4.200000000000002,0.9881853333333334,95.75,6000,4.209383046627044,16706,64600,16
0,arabic,source,transductive,deepfense_w2v2_aasist_s42,32.15869001297017,0.7343448119325551,53.85996409335727,5570,0.5849041104316711,0,64000,16
0,arabic,tent,transductive,deepfense_w2v2_aasist_s42,52.323411154345,0.48043320363164727,53.85996409335727,5570,3.7237341960271197,16706,64000,16
0,dataset2,source,transductive,deepfense_w2v2_aasist_s42,42.91316513005823,0.5854804972354,46.12098043624916,4447,0.5660143256187439,0,64000,16
0,dataset2,tent,transductive,deepfense_w2v2_aasist_s42,60.881253943718804,0.40208082645370696,48.86440296829323,4447,3.0826860626538592,16706,64000,16
0,in_the_wild,source,transductive,deepfense_w2v2_aasist_s42,14.499999999999998,0.930743277777778,51.13333333333333,6000,0.6196954329808553,0,64000,16
0,in_the_wild,tent,transductive,deepfense_w2v2_aasist_s42,37.06666666666667,0.6634042777777778,50.0,6000,4.002138610680898,16706,64000,16
0,arabic,source,transductive,deepfense_w2v2_aasist_s2,25.768287937743196,0.8144600518806744,58.92280071813285,5570,0.5839580217997233,0,64000,16
0,arabic,tent,transductive,deepfense_w2v2_aasist_s2,29.86543450064851,0.7189297665369649,53.85996409335727,5570,3.73233806292216,16706,64000,16
0,dataset2,source,transductive,deepfense_w2v2_aasist_s2,34.496616547287594,0.7169323604920224,66.33685630762312,4447,0.5651320775349935,0,64000,16
0,dataset2,tent,transductive,deepfense_w2v2_aasist_s2,32.24777097673899,0.7100859229829914,57.1846188441646,4447,3.0730690479278566,16706,64000,16
0,in_the_wild,source,transductive,deepfense_w2v2_aasist_s2,8.599999999999998,0.973828388888889,90.05,6000,0.6172290086746216,0,64000,16
0,in_the_wild,tent,transductive,deepfense_w2v2_aasist_s2,9.233333333333334,0.9672573333333333,90.58333333333334,6000,3.9928579409917195,16706,64000,16
0,arabic,source,transductive,deepfense_w2v2_aasist_s240,24.573476005188066,0.8236747730220493,58.9048473967684,5570,0.58388884862264,0,64000,16
0,arabic,tent,transductive,deepfense_w2v2_aasist_s240,33.746368352788586,0.7100153047989624,53.85996409335727,5570,3.7372743129730224,16706,64000,16
0,dataset2,source,transductive,deepfense_w2v2_aasist_s240,27.455042111530293,0.7855595436274968,72.40836519001574,4447,0.5673964540163676,0,64000,16
0,dataset2,tent,transductive,deepfense_w2v2_aasist_s240,38.81636223889495,0.669850176124104,51.13559703170677,4447,3.068885791301727,16706,64000,16
0,in_the_wild,source,transductive,deepfense_w2v2_aasist_s240,6.766666666666666,0.980823611111111,75.58333333333334,6000,0.6169661998748779,0,64000,16
0,in_the_wild,tent,transductive,deepfense_w2v2_aasist_s240,6.416666666666668,0.9823982222222222,93.15,6000,3.9891003330548602,16706,64000,16
0,asvspoof2019,source,transductive,ssl_aasist_wavefake,0.4658914728682191,0.999770607235142,89.49820788530467,5580,0.6442737062772115,0,64600,16
0,asvspoof2019,st_only,transductive,ssl_aasist_wavefake,0.4825581395348839,0.9997627906976745,99.51612903225806,5580,6.122839113076528,16706,64600,16
0,arabic,source,transductive,ssl_aasist_wavefake,22.386770428015563,0.8578844357976654,59.26391382405745,5570,0.6044375936190287,0,64600,16
0,arabic,st_only,transductive,ssl_aasist_wavefake,22.675745784695202,0.8583994163424123,77.59425493716337,5570,6.089666855335236,16706,64600,16
0,dataset2,source,transductive,ssl_aasist_wavefake,33.97761404556845,0.7340157712325368,66.876545986058,4447,0.5804469188054403,0,64600,16
0,dataset2,st_only,transductive,ssl_aasist_wavefake,33.21368105650987,0.742592790467159,67.73105464357995,4447,4.947575350602468,16706,64600,16
0,in_the_wild,source,transductive,ssl_aasist_wavefake,4.566666666666666,0.9862182222222222,80.88333333333333,6000,0.6389592528343201,0,64600,16
0,in_the_wild,st_only,transductive,ssl_aasist_wavefake,4.666666666666665,0.9866383888888889,94.33333333333334,6000,6.536980489889781,16706,64600,16
0,arabic,source,transductive,deepfense_w2v2_aasist_s42,32.15869001297017,0.7343448119325551,53.85996409335727,5570,0.58729989528656,0,64000,16
0,arabic,st_only,transductive,deepfense_w2v2_aasist_s42,28.760765239948118,0.7707568741893644,71.70556552962299,5570,5.7562013109525045,16706,64000,16
0,dataset2,source,transductive,deepfense_w2v2_aasist_s42,42.91316513005823,0.5854804972354,46.12098043624916,4447,0.5669406255086263,0,64000,16
0,dataset2,st_only,transductive,deepfense_w2v2_aasist_s42,42.9049893127497,0.5865490198935444,54.39622217225095,4447,4.698517457644145,16706,64000,16
0,in_the_wild,source,transductive,deepfense_w2v2_aasist_s42,14.499999999999998,0.930743277777778,51.13333333333333,6000,0.6172808051109314,0,64000,16
0,in_the_wild,st_only,transductive,deepfense_w2v2_aasist_s42,12.016666666666664,0.9493372222222222,87.86666666666667,6000,6.194848601023356,16706,64000,16
0,arabic,source,transductive,deepfense_w2v2_aasist_s2,25.768287937743196,0.8144600518806744,58.92280071813285,5570,0.5855033278465271,0,64000,16
0,arabic,st_only,transductive,deepfense_w2v2_aasist_s2,26.590726329442283,0.8029299610894942,72.9802513464991,5570,5.7794189810752865,16706,64000,16
0,dataset2,source,transductive,deepfense_w2v2_aasist_s2,34.496616547287594,0.7169323604920224,66.33685630762312,4447,0.5732852220535278,0,64000,16
0,dataset2,st_only,transductive,deepfense_w2v2_aasist_s2,35.16953285727411,0.7025975623922118,64.35799415336182,4447,4.723366546630859,16706,64000,16
0,in_the_wild,source,transductive,deepfense_w2v2_aasist_s2,8.599999999999998,0.973828388888889,90.05,6000,0.6212606867154439,0,64000,16
0,in_the_wild,st_only,transductive,deepfense_w2v2_aasist_s2,8.333333333333334,0.9732541666666668,91.63333333333334,6000,6.219533880551656,16706,64000,16
0,arabic,source,transductive,deepfense_w2v2_aasist_s240,24.573476005188066,0.8236747730220493,58.9048473967684,5570,0.5858506242434184,0,64000,16
0,arabic,st_only,transductive,deepfense_w2v2_aasist_s240,22.603501945525288,0.8389952658884565,78.13285457809694,5570,5.7693546970685325,16706,64000,16
0,dataset2,source,transductive,deepfense_w2v2_aasist_s240,27.455042111530293,0.7855595436274968,72.40836519001574,4447,0.5685448924700419,0,64000,16
0,dataset2,st_only,transductive,deepfense_w2v2_aasist_s240,26.692131099635287,0.7893639295082651,72.70069709916798,4447,4.717663753032684,16706,64000,16
0,in_the_wild,source,transductive,deepfense_w2v2_aasist_s240,6.766666666666666,0.980823611111111,75.58333333333334,6000,0.6191022992134094,0,64000,16
0,in_the_wild,st_only,transductive,deepfense_w2v2_aasist_s240,6.833333333333334,0.9811757777777776,93.30000000000001,6000,6.210286688804627,16706,64000,16
0,asvspoof2021df,source,transductive,ssl_aasist_wavefake,3.316666666666664,0.9937529444444444,70.3,6000,2.0469663619995115,0,64600,16
0,asvspoof2021df,tent,transductive,ssl_aasist_wavefake,3.3166666666666678,0.9931812222222223,97.08333333333333,6000,5.605509384473165,16706,64600,16
0,asvspoof2021df,source,transductive,ssl_aasist_wavefake,3.316666666666664,0.9937529444444444,70.3,6000,2.0417338808377585,0,64600,16
0,asvspoof2021df,st_only,transductive,ssl_aasist_wavefake,3.3666666666666645,0.9939517777777778,94.85,6000,7.94272008339564,16706,64600,16
0,asvspoof2021df,source,transductive,deepfense_w2v2_aasist_s42,4.983333333333332,0.9912886666666667,80.46666666666667,6000,2.0209813515345254,0,64000,16
0,asvspoof2021df,tent,transductive,deepfense_w2v2_aasist_s42,7.866666666666669,0.9759877222222222,81.0,6000,5.380472954114278,16706,64000,16
0,asvspoof2021df,source,transductive,deepfense_w2v2_aasist_s42,4.983333333333332,0.9912886666666667,80.46666666666667,6000,2.023823444048564,0,64000,16
0,asvspoof2021df,st_only,transductive,deepfense_w2v2_aasist_s42,3.6666666666666647,0.9947076666666665,87.88333333333334,6000,7.575582464536031,16706,64000,16
0,asvspoof2021df,source,transductive,deepfense_w2v2_aasist_s2,4.616666666666667,0.9916910555555556,88.53333333333333,6000,2.024794069925944,0,64000,16
0,asvspoof2021df,tent,transductive,deepfense_w2v2_aasist_s2,4.833333333333334,0.9898627777777778,91.66666666666666,6000,5.391264736652374,16706,64000,16
0,asvspoof2021df,source,transductive,deepfense_w2v2_aasist_s2,4.616666666666667,0.9916910555555556,88.53333333333333,6000,2.022261126836141,0,64000,16
0,asvspoof2021df,st_only,transductive,deepfense_w2v2_aasist_s2,4.3999999999999995,0.9921192222222222,89.36666666666667,6000,7.555721509456634,16706,64000,16
0,asvspoof2021df,source,transductive,deepfense_w2v2_aasist_s240,4.716666666666669,0.9920422777777779,86.96666666666667,6000,2.0215059240659077,0,64000,16
0,asvspoof2021df,tent,transductive,deepfense_w2v2_aasist_s240,4.266666666666665,0.9931816666666666,94.26666666666667,6000,5.37240762313207,16706,64000,16
0,asvspoof2021df,source,transductive,deepfense_w2v2_aasist_s240,4.716666666666669,0.9920422777777779,86.96666666666667,6000,2.0229069153467814,0,64000,16
0,asvspoof2021df,st_only,transductive,deepfense_w2v2_aasist_s240,4.35,0.9930193333333333,88.91666666666667,6000,7.56363316377004,16706,64000,16
1,asvspoof2019,source,transductive,ssl_aasist_wavefake,0.57403100775194,0.9993218992248062,89.31899641577061,5580,0.6524507721265157,0,64600,16
1,asvspoof2019,ours,transductive,ssl_aasist_wavefake,0.5186046511627891,0.9992727390180879,99.35483870967742,5580,8.903598646322886,16706,64600,16
1,arabic,source,transductive,ssl_aasist_wavefake,22.30894941634241,0.8558640077821013,59.2100538599641,5570,0.622963547706604,0,64600,16
1,arabic,ours,transductive,ssl_aasist_wavefake,22.784111543450063,0.8564228923476005,77.30700179533213,5570,8.899437538782756,16706,64600,16
1,dataset2,source,transductive,ssl_aasist_wavefake,33.95562635867311,0.7331694527180748,66.74162356644929,4447,0.5801401933034261,0,64600,16
1,dataset2,ours,transductive,ssl_aasist_wavefake,32.966706614843325,0.7437741353567267,68.20328311221047,4447,7.174470118681589,16706,64600,16
1,in_the_wild,source,transductive,ssl_aasist_wavefake,4.733333333333335,0.9852120555555555,80.88333333333333,6000,0.6834325432777405,0,64600,16
1,in_the_wild,ours,transductive,ssl_aasist_wavefake,4.700000000000002,0.9865527222222221,95.25,6000,9.573821409543354,16706,64600,16
1,arabic,source,transductive,deepfense_w2v2_aasist_s42,32.634046692607,0.7323675745784696,53.84201077199282,5570,0.585751477877299,0,64000,16
1,arabic,ours,transductive,deepfense_w2v2_aasist_s42,28.366212710765236,0.7691867055771724,72.11849192100539,5570,8.398120005925497,16706,64000,16
1,dataset2,source,transductive,deepfense_w2v2_aasist_s42,43.0670789383256,0.5848932145168516,46.07600629637958,4447,0.5660182317097981,0,64000,16
1,dataset2,ours,transductive,deepfense_w2v2_aasist_s42,43.129976067520914,0.5873818806889219,55.13829548009894,4447,6.798264586925507,16706,64000,16
1,in_the_wild,source,transductive,deepfense_w2v2_aasist_s42,15.350000000000003,0.9258470555555556,50.949999999999996,6000,0.6202724019686381,0,64000,16
1,in_the_wild,ours,transductive,deepfense_w2v2_aasist_s42,12.96666666666667,0.9432457222222221,86.11666666666666,6000,9.029272496700287,16706,64000,16
1,arabic,source,transductive,deepfense_w2v2_aasist_s2,25.537678339818413,0.8129848249027238,59.156193895870736,5570,0.5849340597788493,0,64000,16
1,arabic,ours,transductive,deepfense_w2v2_aasist_s2,26.646303501945525,0.8032744487678339,72.10053859964093,5570,8.413964196046193,16706,64000,16
1,dataset2,source,transductive,deepfense_w2v2_aasist_s2,34.69654968367277,0.7124114775523221,66.06701146840567,4447,0.5684134682019552,0,64000,16
1,dataset2,ours,transductive,deepfense_w2v2_aasist_s2,35.14754517037878,0.6977770681276286,64.40296829323138,4447,6.802985568841298,16706,64000,16
1,in_the_wild,source,transductive,deepfense_w2v2_aasist_s2,8.85,0.9714745555555555,90.14999999999999,6000,0.6194585561752319,0,64000,16
1,in_the_wild,ours,transductive,deepfense_w2v2_aasist_s2,8.833333333333332,0.9724945,88.56666666666668,6000,9.043793404102326,16706,64000,16
1,arabic,source,transductive,deepfense_w2v2_aasist_s240,24.665175097276265,0.8253889753566797,58.83303411131059,5570,0.586013666788737,0,64000,16
1,arabic,ours,transductive,deepfense_w2v2_aasist_s240,23.178664072632944,0.8369021400778209,77.75583482944344,5570,8.393232973416646,16706,64000,16
1,dataset2,source,transductive,deepfense_w2v2_aasist_s240,27.54708076776591,0.7842010223009583,71.84618844164605,4447,0.5649877309799194,0,64000,16
1,dataset2,ours,transductive,deepfense_w2v2_aasist_s240,25.860191095563568,0.7978714340585931,72.52080053968967,4447,6.771131706237793,16706,64000,16
1,in_the_wild,source,transductive,deepfense_w2v2_aasist_s240,7.166666666666664,0.9775863888888889,75.7,6000,0.618589210510254,0,64000,16
1,in_the_wild,ours,transductive,deepfense_w2v2_aasist_s240,7.066666666666664,0.9779962222222223,89.4,6000,9.00103181997935,16706,64000,16
2,asvspoof2019,source,transductive,ssl_aasist_wavefake,0.5379844961240294,0.9995269379844962,89.39068100358423,5580,0.65197301308314,0,64600,16
2,asvspoof2019,ours,transductive,ssl_aasist_wavefake,0.5713178294573646,0.9994766149870802,97.07885304659499,5580,8.937463823954264,16706,64600,16
2,arabic,source,transductive,ssl_aasist_wavefake,22.089494163424124,0.8558620622568094,59.06642728904848,5570,0.6146220485369365,0,64600,16
2,arabic,ours,transductive,ssl_aasist_wavefake,22.603501945525288,0.8558917639429311,77.55834829443447,5570,8.873177274068196,16706,64600,16
2,dataset2,source,transductive,ssl_aasist_wavefake,33.79762464175147,0.7340395499091148,66.78659770631886,4447,0.5815605044364929,0,64600,16
2,dataset2,ours,transductive,ssl_aasist_wavefake,33.07868900364714,0.7439811616217422,68.04587362266696,4447,7.187340644995372,16706,64600,16
2,in_the_wild,source,transductive,ssl_aasist_wavefake,4.599999999999999,0.9863308333333333,81.41666666666667,6000,0.6631722092628479,0,64600,16
2,in_the_wild,ours,transductive,ssl_aasist_wavefake,4.433333333333334,0.9876662777777778,95.31666666666668,6000,9.545652834574382,16706,64600,16
2,arabic,source,transductive,deepfense_w2v2_aasist_s42,33.186964980544744,0.7264609597924773,53.931777378815084,5570,0.5854339083035787,0,64000,16
2,arabic,ours,transductive,deepfense_w2v2_aasist_s42,29.372049286640724,0.7593898832684826,71.18491921005386,5570,8.39507478872935,16706,64000,16
2,dataset2,source,transductive,deepfense_w2v2_aasist_s42,43.19593912820693,0.5857627045927452,45.80616145716213,4447,0.569712471961975,0,64000,16
2,dataset2,ours,transductive,deepfense_w2v2_aasist_s42,42.38803076535768,0.592366700786538,57.11715763436024,4447,6.815908972422282,16706,64000,16
2,in_the_wild,source,transductive,deepfense_w2v2_aasist_s42,14.866666666666664,0.9292361666666666,51.0,6000,0.6192862153053283,0,64000,16
2,in_the_wild,ours,transductive,deepfense_w2v2_aasist_s42,12.83333333333333,0.943932,85.71666666666667,6000,9.023654778798422,16706,64000,16
2,arabic,source,transductive,deepfense_w2v2_aasist_s2,25.6014915693904,0.815356485084306,58.92280071813285,5570,0.5889954288800557,0,64000,16
2,arabic,ours,transductive,deepfense_w2v2_aasist_s2,26.176718547341117,0.8072474059662775,73.016157989228,5570,8.411169691880543,16706,64000,16
2,dataset2,source,transductive,deepfense_w2v2_aasist_s2,34.58354531770538,0.7127081544873297,66.62918821677536,4447,0.5698757886886596,0,64000,16
2,dataset2,ours,transductive,deepfense_w2v2_aasist_s2,35.03454080441138,0.6985228078994585,65.1225545311446,4447,6.79779357512792,16706,64000,16
2,in_the_wild,source,transductive,deepfense_w2v2_aasist_s2,8.333333333333334,0.9750708333333333,90.33333333333333,6000,0.6202242096265157,0,64000,16
2,in_the_wild,ours,transductive,deepfense_w2v2_aasist_s2,7.883333333333334,0.9750478333333333,88.58333333333334,6000,9.041197991371154,16706,64000,16
2,arabic,source,transductive,deepfense_w2v2_aasist_s240,24.003891050583658,0.8262322308690013,58.85098743267505,5570,0.5887338598569234,0,64000,16
2,arabic,ours,transductive,deepfense_w2v2_aasist_s240,22.820233463035017,0.8399443579766537,77.03770197486534,5570,8.419161915779114,16706,64000,16
2,dataset2,source,transductive,deepfense_w2v2_aasist_s240,27.479073752752758,0.7844272738789517,71.66629188216776,4447,0.569223407904307,0,64000,16
2,dataset2,ours,transductive,deepfense_w2v2_aasist_s240,26.221191880361083,0.7959517359648132,73.42028333708119,4447,6.811728537082672,16706,64000,16
2,in_the_wild,source,transductive,deepfense_w2v2_aasist_s240,6.716666666666668,0.9825497777777779,75.94999999999999,6000,0.6188794732093811,0,64000,16
2,in_the_wild,ours,transductive,deepfense_w2v2_aasist_s240,6.68333333333333,0.9826388333333332,91.01666666666667,6000,9.016272334257762,16706,64000,16
0,arabic,source,inductive,ssl_aasist_wavefake,23.365508585594775,0.8480878810868178,58.599640933572715,2785,0.3376576582590739,0,64600,16
0,arabic,ours,inductive,ssl_aasist_wavefake,23.486249989635933,0.8480749260005472,76.76840215439856,2785,4.486315568288167,16706,64600,16
0,dataset2,source,inductive,ssl_aasist_wavefake,34.12758231671566,0.7365650790313254,66.27697841726618,2224,0.3679308295249939,0,64600,16
0,dataset2,ours,inductive,ssl_aasist_wavefake,33.453238282782124,0.744774308854986,67.62589928057554,2224,3.683064826329549,16706,64600,16
0,in_the_wild,source,inductive,ssl_aasist_wavefake,4.033333333333335,0.9878797777777777,82.16666666666667,3000,0.3517522851626078,0,64600,16
0,in_the_wild,ours,inductive,ssl_aasist_wavefake,4.166666666666667,0.9885535555555556,95.76666666666667,3000,4.826926815509796,16706,64600,16
0,asvspoof2021df,source,inductive,ssl_aasist_wavefake,3.099999999999999,0.994248888888889,70.39999999999999,3000,1.7587447921435038,0,64600,16
0,asvspoof2021df,ours,inductive,ssl_aasist_wavefake,3.0000000000000013,0.994527111111111,89.76666666666667,3000,6.177484961350759,16706,64600,16
0,arabic,source,inductive,deepfense_w2v2_aasist_s42,33.186396744853205,0.7241356884643766,53.42908438061041,2785,0.33340257008870444,0,64000,16
0,arabic,ours,inductive,deepfense_w2v2_aasist_s42,29.979209677553087,0.7491641378338266,70.26929982046678,2785,4.2445728580156965,16706,64000,16
0,dataset2,source,inductive,deepfense_w2v2_aasist_s42,42.401751668978235,0.5938396406086363,47.21223021582734,2224,0.37202978928883873,0,64000,16
0,dataset2,ours,inductive,deepfense_w2v2_aasist_s42,42.04106636690429,0.5989426097926868,54.54136690647482,2224,3.4943684220314024,16706,64000,16
0,in_the_wild,source,inductive,deepfense_w2v2_aasist_s42,14.666666666666666,0.9328820000000001,51.2,3000,0.3446006774902344,0,64000,16
0,in_the_wild,ours,inductive,deepfense_w2v2_aasist_s42,12.133333333333333,0.9457644444444445,82.73333333333333,3000,4.563670063018799,16706,64000,16
0,asvspoof2021df,source,inductive,deepfense_w2v2_aasist_s42,4.933333333333335,0.9913633333333334,80.53333333333333,3000,1.7553635120391846,0,64000,16
0,asvspoof2021df,ours,inductive,deepfense_w2v2_aasist_s42,3.866666666666665,0.9945588888888889,86.26666666666667,3000,5.939472456773122,16706,64000,16
0,arabic,source,inductive,deepfense_w2v2_aasist_s2,25.60246333192382,0.8099859359583448,57.66606822262118,2785,0.33530682722727456,0,64000,16
0,arabic,ours,inductive,deepfense_w2v2_aasist_s2,26.429801051331157,0.8031627511213923,71.20287253141832,2785,4.2449749628702795,16706,64000,16
0,dataset2,source,inductive,deepfense_w2v2_aasist_s2,33.858038793887765,0.7200451260983312,65.06294964028777,2224,0.37102729876836144,0,64000,16
0,dataset2,ours,inductive,deepfense_w2v2_aasist_s2,34.03789621806095,0.7090842556013375,66.41187050359713,2224,3.492411212126414,16706,64000,16
0,in_the_wild,source,inductive,deepfense_w2v2_aasist_s2,8.599999999999998,0.9756091111111111,90.4,3000,0.34576738675435387,0,64000,16
0,in_the_wild,ours,inductive,deepfense_w2v2_aasist_s2,7.9666666666666694,0.9748364444444446,87.3,3000,4.568040895462036,16706,64000,16
0,asvspoof2021df,source,inductive,deepfense_w2v2_aasist_s2,4.200000000000002,0.9929706666666667,88.5,3000,1.756632181008657,0,64000,16
0,asvspoof2021df,ours,inductive,deepfense_w2v2_aasist_s2,4.533333333333331,0.9928657777777778,84.73333333333333,3000,5.9337537805239355,16706,64000,16
0,arabic,source,inductive,deepfense_w2v2_aasist_s240,25.486722591183074,0.8181460856984138,58.09694793536805,2785,0.3323245088259379,0,64000,16
0,arabic,ours,inductive,deepfense_w2v2_aasist_s240,24.202847631602946,0.8268765183361109,76.12208258527828,2785,4.256912159919739,16706,64000,16
0,dataset2,source,inductive,deepfense_w2v2_aasist_s240,27.24815714880695,0.7856490111480872,71.98741007194245,2224,0.36990257501602175,0,64000,16
0,dataset2,ours,inductive,deepfense_w2v2_aasist_s240,25.899226467507997,0.7970473945339194,72.39208633093526,2224,3.48514860868454,16706,64000,16
0,in_the_wild,source,inductive,deepfense_w2v2_aasist_s240,6.100000000000001,0.9836255555555555,76.16666666666667,3000,0.3453269362449646,0,64000,16
0,in_the_wild,ours,inductive,deepfense_w2v2_aasist_s240,6.033333333333337,0.983598,87.66666666666667,3000,4.572301987806956,16706,64000,16
0,asvspoof2021df,source,inductive,deepfense_w2v2_aasist_s240,4.933333333333334,0.9928897777777778,86.76666666666667,3000,1.7548949082692464,0,64000,16
0,asvspoof2021df,ours,inductive,deepfense_w2v2_aasist_s240,4.499999999999998,0.9928833333333333,82.6,3000,5.929176616668701,16706,64000,16
0,asvspoof2019,source,inductive,ssl_aasist_wavefake,0.5373843462154643,0.9999009952555069,89.49820788530467,2790,0.37752769390741986,0,64600,16
0,asvspoof2019,ours,inductive,ssl_aasist_wavefake,0.46967953917416766,0.999900995255507,99.39068100358422,2790,4.522898197174072,16706,64600,16
0,in_the_wild_natural,source,transductive,ssl_aasist_wavefake,4.848138919984552,0.9861755273356367,76.3,6000,0.6842178901036581,0,64600,16
0,in_the_wild_natural,ours,transductive,ssl_aasist_wavefake,4.434177754568845,0.9878366760661268,95.13333333333334,6000,9.475930035114288,16706,64600,16
0,in_the_wild_natural,source,transductive,deepfense_w2v2_aasist_s42,14.442408575275978,0.9312687225602145,38.43333333333334,6000,0.6151137789090474,0,64000,16
0,in_the_wild_natural,ours,transductive,deepfense_w2v2_aasist_s42,12.803950793939423,0.9439460416840346,81.03333333333333,6000,8.959345825513203,16706,64000,16
0,in_the_wild_natural,source,transductive,deepfense_w2v2_aasist_s2,8.663435307426088,0.9734701418386494,88.91666666666667,6000,0.6183594783147176,0,64000,16
0,in_the_wild_natural,ours,transductive,deepfense_w2v2_aasist_s2,8.383039157704356,0.973035172517217,85.51666666666667,6000,9.018366694450378,16706,64000,16
0,in_the_wild_natural,source,transductive,deepfense_w2v2_aasist_s240,6.415241515303488,0.9801349540633152,69.19999999999999,6000,0.6187024513880411,0,64000,16
0,in_the_wild_natural,ours,transductive,deepfense_w2v2_aasist_s240,6.513128937988655,0.9810729774461717,85.45,6000,9.030611038208008,16706,64000,16
0,in_the_wild_natural,source,transductive_E21,deepfense_w2v2_aasist_s42,14.442408575275978,0.9312687225602145,38.43333333333334,6000,0.6108968536059062,0,64000,16
0,in_the_wild_natural,ours,transductive_E21,deepfense_w2v2_aasist_s42,6.762872089050323,0.9754104082717785,93.96666666666667,6000,42.14283859729767,16706,64000,16
0,in_the_wild_natural,source,transductive_E21,ssl_aasist_wavefake,4.848138919984552,0.9861755273356367,76.3,6000,0.643694814046224,0,64600,16
0,in_the_wild_natural,ours,transductive_E21,ssl_aasist_wavefake,3.378923747350789,0.9920346205848533,95.91666666666666,6000,44.71422063906987,16706,64600,16
0,in_the_wild_natural,source,transductive_E21,deepfense_w2v2_aasist_s2,8.663435307426088,0.9734701418386494,88.91666666666667,6000,0.6197454174359639,0,64000,16
0,in_the_wild_natural,ours,transductive_E21,deepfense_w2v2_aasist_s2,8.089376889648847,0.9773290302984825,89.75,6000,42.26140349706014,16706,64000,16
0,in_the_wild_natural,source,transductive_E21,deepfense_w2v2_aasist_s240,6.415241515303488,0.9801349540633152,69.19999999999999,6000,0.6210501631100972,0,64000,16
0,in_the_wild_natural,ours,transductive_E21,deepfense_w2v2_aasist_s240,6.148111483915532,0.9829798853298375,89.55,6000,42.47149266799291,16706,64000,16
0,dataset2,source,transductive_E21,deepfense_w2v2_aasist_s42,42.91316513005823,0.5854804972354,46.12098043624916,4447,0.5622841437657674,0,64000,16
0,dataset2,ours,transductive_E21,deepfense_w2v2_aasist_s42,43.39996017324638,0.5836552055469277,57.81425680233866,4447,31.431561513741812,16706,64000,16
0,dataset2,source,transductive_E21,ssl_aasist_wavefake,33.97761404556845,0.7340157712325368,66.876545986058,4447,0.5854232390721639,0,64600,16
0,dataset2,ours,transductive_E21,ssl_aasist_wavefake,33.100676690542485,0.7359987104874285,67.64110636384079,4447,33.24135927359263,16706,64600,16
0,arabic,source,transductive_E21,deepfense_w2v2_aasist_s42,32.15869001297017,0.7343448119325551,53.85996409335727,5570,0.5869164784749349,0,64000,16
0,arabic,ours,transductive_E21,deepfense_w2v2_aasist_s42,24.092801556420234,0.8361603761348898,76.08617594254937,5570,39.350123977661134,16706,64000,16
0,arabic,source,transductive_E21,ssl_aasist_wavefake,22.386770428015563,0.8578844357976654,59.26391382405745,5570,0.6081859668095907,0,64600,16
0,arabic,ours,transductive_E21,ssl_aasist_wavefake,22.22561608300908,0.8627894941634241,76.94793536804309,5570,41.65060437122981,16706,64600,16
0,asvspoof2019,source,transductive,ssl_aasist_wavefake,0.4658914728682191,0.999770607235142,89.49820788530467,5580,0.6516719977060954,0,64600,16
0,asvspoof2019,ours,transductive,ssl_aasist_wavefake,0.4658914728682191,0.9997712532299742,99.53405017921146,5580,8.976199289162954,16706,64600,16
0,arabic,source,transductive,ssl_aasist_wavefake,22.386770428015563,0.8578844357976654,59.26391382405745,5570,0.6088863372802734,0,64600,16
0,arabic,ours,transductive,ssl_aasist_wavefake,22.659079118028536,0.858572438391699,77.36086175942549,5570,8.914196034272512,16706,64600,16
0,dataset2,source,transductive,ssl_aasist_wavefake,33.97761404556845,0.7340157712325368,66.876545986058,4447,0.5809762914975484,0,64600,16
0,dataset2,ours,transductive,ssl_aasist_wavefake,32.92170926388907,0.7446613329577314,67.9784124128626,4447,7.228490805625915,16706,64600,16
0,in_the_wild,source,transductive,ssl_aasist_wavefake,4.566666666666666,0.9862182222222222,80.88333333333333,6000,0.6431705355644226,0,64600,16
0,in_the_wild,ours,transductive,ssl_aasist_wavefake,4.316666666666666,0.9876774444444444,95.33333333333334,6000,9.566484113534292,16706,64600,16
0,asvspoof2021df,source,transductive,ssl_aasist_wavefake,3.316666666666664,0.9937529444444444,70.3,6000,2.0676753481229144,0,64600,16
0,asvspoof2021df,ours,transductive,ssl_aasist_wavefake,3.3000000000000016,0.9939938888888888,91.7,6000,10.978992064793905,16706,64600,16
0,asvspoof2021la,source,transductive,ssl_aasist_wavefake,11.716666666666667,0.9579522777777778,77.08333333333334,6000,1.981806739171346,0,64600,16
0,asvspoof2021la,ours,transductive,ssl_aasist_wavefake,11.566666666666668,0.9592776666666668,88.71666666666667,6000,10.886519312858582,16706,64600,16
0,arabic,source,transductive,deepfense_w2v2_aasist_s42,32.15869001297017,0.7343448119325551,53.85996409335727,5570,0.5925918936729431,0,64000,16
0,arabic,ours,transductive,deepfense_w2v2_aasist_s42,28.98028534370947,0.7676854085603112,71.0951526032316,5570,8.44910059372584,16706,64000,16
0,dataset2,source,transductive,deepfense_w2v2_aasist_s42,42.91316513005823,0.5854804972354,46.12098043624916,4447,0.5728900512059529,0,64000,16
0,dataset2,ours,transductive,deepfense_w2v2_aasist_s42,42.703012222037394,0.5884138752524081,56.06026534742523,4447,6.840788503487905,16706,64000,16
0,in_the_wild,source,transductive,deepfense_w2v2_aasist_s42,14.499999999999998,0.930743277777778,51.13333333333333,6000,0.621266241868337,0,64000,16
0,in_the_wild,ours,transductive,deepfense_w2v2_aasist_s42,12.133333333333333,0.9470529999999999,88.23333333333333,6000,9.043341147899628,16706,64000,16
0,asvspoof2021df,source,transductive,deepfense_w2v2_aasist_s42,4.983333333333332,0.9912886666666667,80.46666666666667,6000,2.04053525129954,0,64000,16
0,asvspoof2021df,ours,transductive,deepfense_w2v2_aasist_s42,3.5999999999999996,0.9947841666666667,86.48333333333333,6000,10.443360443909963,16706,64000,16
0,asvspoof2021la,source,transductive,deepfense_w2v2_aasist_s42,6.233333333333333,0.9824342222222222,84.76666666666667,6000,1.931727373600006,0,64000,16
0,asvspoof2021la,ours,transductive,deepfense_w2v2_aasist_s42,5.883333333333332,0.9853435555555555,91.28333333333333,6000,10.345867351690929,16706,64000,16
0,arabic,source,transductive,deepfense_w2v2_aasist_s2,25.768287937743196,0.8144600518806744,58.92280071813285,5570,0.5870236436525981,0,64000,16
0,arabic,ours,transductive,deepfense_w2v2_aasist_s2,26.84079118028534,0.8021372243839169,72.11849192100539,5570,8.428798484802247,16706,64000,16
0,dataset2,source,transductive,deepfense_w2v2_aasist_s2,34.496616547287594,0.7169323604920224,66.33685630762312,4447,0.5684497237205506,0,64000,16
0,dataset2,ours,transductive,deepfense_w2v2_aasist_s2,34.719559347731675,0.7058837754952947,65.19001574094897,4447,6.826565623283386,16706,64000,16
0,in_the_wild,source,transductive,deepfense_w2v2_aasist_s2,8.599999999999998,0.973828388888889,90.05,6000,0.623051917552948,0,64000,16
0,in_the_wild,ours,transductive,deepfense_w2v2_aasist_s2,8.149999999999999,0.9738651666666667,88.3,6000,9.056227870782216,16706,64000,16
0,asvspoof2021df,source,transductive,deepfense_w2v2_aasist_s2,4.616666666666667,0.9916910555555556,88.53333333333333,6000,2.036853754520416,0,64000,16
0,asvspoof2021df,ours,transductive,deepfense_w2v2_aasist_s2,4.783333333333334,0.9917545000000001,85.36666666666667,6000,10.436177233854929,16706,64000,16
0,asvspoof2021la,source,transductive,deepfense_w2v2_aasist_s2,6.100000000000002,0.9829106666666666,92.71666666666667,6000,1.928382436434428,0,64000,16
0,asvspoof2021la,ours,transductive,deepfense_w2v2_aasist_s2,7.3166666666666655,0.9775016111111111,90.8,6000,10.3112189133962,16706,64000,16
0,arabic,source,transductive,deepfense_w2v2_aasist_s240,24.573476005188066,0.8236747730220493,58.9048473967684,5570,0.5877330899238586,0,64000,16
0,arabic,ours,transductive,deepfense_w2v2_aasist_s240,22.99805447470817,0.838978728923476,78.13285457809694,5570,8.437559147675833,16706,64000,16
0,dataset2,source,transductive,deepfense_w2v2_aasist_s240,27.455042111530293,0.7855595436274968,72.40836519001574,4447,0.5699891487757365,0,64000,16
0,dataset2,ours,transductive,deepfense_w2v2_aasist_s240,24.938256389583362,0.803399318654908,74.63458511355971,4447,6.819199204444885,16706,64000,16
0,in_the_wild,source,transductive,deepfense_w2v2_aasist_s240,6.766666666666666,0.980823611111111,75.58333333333334,6000,0.623720661799113,0,64000,16
0,in_the_wild,ours,transductive,deepfense_w2v2_aasist_s240,6.6999999999999975,0.9817469444444444,91.73333333333333,6000,9.047337889671326,16706,64000,16
0,asvspoof2021df,source,transductive,deepfense_w2v2_aasist_s240,4.716666666666669,0.9920422777777779,86.96666666666667,6000,2.038579785823822,0,64000,16
0,asvspoof2021df,ours,transductive,deepfense_w2v2_aasist_s240,4.599999999999999,0.9922993888888888,81.88333333333333,6000,10.426732885837556,16706,64000,16
0,asvspoof2021la,source,transductive,deepfense_w2v2_aasist_s240,7.799999999999999,0.9766568333333332,89.03333333333333,6000,1.9237618684768676,0,64000,16
0,asvspoof2021la,ours,transductive,deepfense_w2v2_aasist_s240,7.666666666666664,0.9771562222222223,89.81666666666666,6000,10.31548063357671,16706,64000,16
0,asvspoof2019,source,transductive,hf_w2v2_mothecreator,0.4104651162790681,0.9993973514211886,99.24731182795699,5580,0.30142246882120766,0,64000,16
0,asvspoof2019,ours,transductive,hf_w2v2_mothecreator,0.5379844961240294,0.9991089793281653,97.09677419354838,5580,4.910347763697306,209666,64000,16
0,arabic,source,transductive,hf_w2v2_mothecreator,49.0996757457847,0.5037618677042801,49.33572710951526,5570,0.2622789263725281,0,64000,16
0,arabic,ours,transductive,hf_w2v2_mothecreator,49.10252918287937,0.522939299610895,51.36445242369838,5570,4.884807590643565,209666,64000,16
0,dataset2,source,transductive,hf_w2v2_mothecreator,48.97656576008186,0.5271706289024856,50.41601079379356,4447,0.3058982610702515,0,64000,16
0,dataset2,ours,transductive,hf_w2v2_mothecreator,49.178542850794166,0.526431567397269,50.663368563076226,4447,4.006189719835917,209666,64000,16
0,in_the_wild,source,transductive,hf_w2v2_mothecreator,10.333333333333336,0.9495957222222222,89.06666666666668,6000,0.2738675594329834,0,64000,16
0,in_the_wild,ours,transductive,hf_w2v2_mothecreator,10.350000000000003,0.9380455555555555,87.73333333333333,6000,5.280228690306346,209666,64000,16
0,asvspoof2021df,source,transductive,hf_w2v2_mothecreator,10.583333333333334,0.9399562222222222,86.83333333333333,6000,1.693635598818461,0,64000,16
0,asvspoof2021df,ours,transductive,hf_w2v2_mothecreator,14.650000000000002,0.8659581111111111,85.38333333333334,6000,6.676904261112213,209666,64000,16
0,asvspoof2021la,source,transductive,hf_w2v2_mothecreator,0.6999999999999985,0.9991068888888889,98.6,6000,1.5853297392527261,0,64000,16
0,asvspoof2021la,ours,transductive,hf_w2v2_mothecreator,0.6666666666666689,0.9957935555555555,97.0,6000,6.557405706246694,209666,64000,16
0,arabic,source,transductive,hf_w2v2_bisher,49.82775616083009,0.500877496757458,44.4524236983842,5570,0.26304667393366493,0,64000,16
0,arabic,ours,transductive,hf_w2v2_bisher,52.206160830090795,0.457902140077821,44.99102333931778,5570,4.915007205804189,209666,64000,16
0,dataset2,source,transductive,hf_w2v2_bisher,41.44791296073463,0.622601844577713,51.31549359118507,4447,0.3087702790896098,0,64000,16
0,dataset2,ours,transductive,hf_w2v2_bisher,27.61406580561549,0.7926485236376235,67.48369687429728,4447,4.021864322821299,209666,64000,16
0,in_the_wild,source,transductive,hf_w2v2_bisher,21.349999999999998,0.8295233888888889,53.300000000000004,6000,0.27339680592219034,0,64000,16
0,in_the_wild,ours,transductive,hf_w2v2_bisher,21.53333333333333,0.8594835000000001,69.63333333333334,6000,5.2812497099240625,209666,64000,16
0,asvspoof2021df,source,transductive,hf_w2v2_bisher,6.466666666666665,0.9819553333333333,92.75,6000,1.6905354102452597,0,64000,16
0,asvspoof2021df,ours,transductive,hf_w2v2_bisher,6.633333333333334,0.9849187777777777,90.71666666666667,6000,6.6625273585319515,209666,64000,16
0,asvspoof2021la,source,transductive,hf_w2v2_bisher,5.966666666666666,0.9870388333333333,94.08333333333333,6000,1.5894903143246968,0,64000,16
0,asvspoof2021la,ours,transductive,hf_w2v2_bisher,7.299999999999998,0.9855653333333335,93.30000000000001,6000,6.561616226037343,209666,64000,16
0,arabic,source,transductive,hf_ast_asv19,31.883722438391697,0.7395060959792477,53.87791741472172,5570,0.7126466671625773,0,163840,16
0,arabic,ours,transductive,hf_ast_asv19,31.833852140077816,0.7443597276264591,68.31238779174147,5570,11.507735745112102,15362,163840,16
0,dataset2,source,transductive,hf_ast_asv19,41.87720408094707,0.5954835287636991,47.60512705194513,4447,0.6704303661982218,0,163840,16
0,dataset2,ours,transductive,hf_ast_asv19,43.984925735651544,0.5759547593982437,56.68990330559927,4447,9.312824988365174,15362,163840,16
0,in_the_wild,source,transductive,hf_ast_asv19,37.516666666666666,0.687503388888889,52.6,6000,0.7544587771097819,0,163840,16
0,in_the_wild,ours,transductive,hf_ast_asv19,41.48333333333334,0.6399595,59.099999999999994,6000,12.361468414465586,15362,163840,16
0,asvspoof2021df,source,transductive,hf_ast_asv19,17.633333333333333,0.9110592222222222,76.43333333333334,6000,2.163407107194265,0,163840,16
0,asvspoof2021df,ours,transductive,hf_ast_asv19,18.666666666666668,0.9019091666666668,80.25,6000,13.747640546162923,15362,163840,16
0,asvspoof2021la,source,transductive,hf_ast_asv19,17.21666666666667,0.8989411666666667,70.33333333333334,6000,2.051251312096914,0,163840,16
0,asvspoof2021la,ours,transductive,hf_ast_asv19,17.349999999999998,0.8969950555555557,81.91666666666667,6000,13.574498343467713,15362,163840,16
1,in_the_wild,source,transductive,ssl_aasist_wavefake,4.733333333333335,0.9852120555555555,80.88333333333333,6000,0.6422329505284627,0,64600,16
1,in_the_wild,ours,transductive,ssl_aasist_wavefake,4.700000000000002,0.9865527222222221,95.25,6000,9.549687457084655,16706,64600,16
2,in_the_wild,source,transductive,ssl_aasist_wavefake,4.599999999999999,0.9863308333333333,81.41666666666667,6000,0.6468037327130636,0,64600,16
2,in_the_wild,ours,transductive,ssl_aasist_wavefake,4.433333333333334,0.9876662777777778,95.31666666666668,6000,9.580246269702911,16706,64600,16
3,in_the_wild,source,transductive,ssl_aasist_wavefake,4.716666666666667,0.9876184444444445,81.36666666666666,6000,0.6451401114463806,0,64600,16
3,in_the_wild,ours,transductive,ssl_aasist_wavefake,4.549999999999999,0.988808,95.6,6000,9.595317443211874,16706,64600,16
4,in_the_wild,source,transductive,ssl_aasist_wavefake,5.0166666666666675,0.9848756111111112,81.43333333333334,6000,0.6463125665982564,0,64600,16
4,in_the_wild,ours,transductive,ssl_aasist_wavefake,4.8,0.9858989444444445,95.03333333333333,6000,9.58024994134903,16706,64600,16
5,in_the_wild,source,transductive,ssl_aasist_wavefake,4.866666666666669,0.984112,81.03333333333333,6000,0.6430113712946574,0,64600,16
5,in_the_wild,ours,transductive,ssl_aasist_wavefake,4.600000000000002,0.9854043333333333,95.01666666666667,6000,9.572417112191518,16706,64600,16
6,in_the_wild,source,transductive,ssl_aasist_wavefake,4.983333333333332,0.9851043333333334,81.28333333333333,6000,0.6440930803616841,0,64600,16
6,in_the_wild,ours,transductive,ssl_aasist_wavefake,4.700000000000002,0.9870877222222222,95.25,6000,9.589599672953288,16706,64600,16
7,in_the_wild,source,transductive,ssl_aasist_wavefake,4.933333333333334,0.9864294444444444,80.75,6000,0.6434357762336731,0,64600,16
7,in_the_wild,ours,transductive,ssl_aasist_wavefake,4.666666666666665,0.9876289444444445,95.21666666666667,6000,9.602954053878785,16706,64600,16
8,in_the_wild,source,transductive,ssl_aasist_wavefake,4.966666666666665,0.9842867222222222,81.48333333333333,6000,0.6420974373817444,0,64600,16
8,in_the_wild,ours,transductive,ssl_aasist_wavefake,4.733333333333334,0.9854607222222224,95.13333333333334,6000,9.596058245499929,16706,64600,16
9,in_the_wild,source,transductive,ssl_aasist_wavefake,4.749999999999998,0.985718,80.98333333333333,6000,0.6427218755086263,0,64600,16
9,in_the_wild,ours,transductive,ssl_aasist_wavefake,4.616666666666669,0.9870235555555554,95.28333333333333,6000,9.616527676582336,16706,64600,16
1,arabic,source,transductive,ssl_aasist_wavefake,22.30894941634241,0.8558640077821013,59.2100538599641,5570,0.61173361937205,0,64600,16
1,arabic,ours,transductive,ssl_aasist_wavefake,22.784111543450063,0.8564228923476005,77.30700179533213,5570,8.91571767727534,16706,64600,16
2,arabic,source,transductive,ssl_aasist_wavefake,22.089494163424124,0.8558620622568094,59.06642728904848,5570,0.611278788248698,0,64600,16
2,arabic,ours,transductive,ssl_aasist_wavefake,22.603501945525288,0.8558917639429311,77.55834829443447,5570,8.916278910636901,16706,64600,16
3,arabic,source,transductive,ssl_aasist_wavefake,21.80881971465629,0.8595249027237353,59.06642728904848,5570,0.6070385734240215,0,64600,16
3,arabic,ours,transductive,ssl_aasist_wavefake,22.63962386511025,0.8595400778210118,77.93536804308798,5570,8.90296511252721,16706,64600,16
4,arabic,source,transductive,ssl_aasist_wavefake,22.753566796368354,0.8549860570687419,59.26391382405745,5570,0.6074670950571696,0,64600,16
4,arabic,ours,transductive,ssl_aasist_wavefake,22.981387808041504,0.8555075875486382,76.84021543985638,5570,8.925929506619772,16706,64600,16
5,arabic,source,transductive,ssl_aasist_wavefake,22.511802853437096,0.8558837224383917,59.03052064631957,5570,0.6115221420923869,0,64600,16
5,arabic,ours,transductive,ssl_aasist_wavefake,23.106420233463034,0.8570004539559013,76.94793536804309,5570,8.950368241469066,16706,64600,16
6,arabic,source,transductive,ssl_aasist_wavefake,22.014461738002595,0.8582575226977951,59.19210053859965,5570,0.613364311059316,0,64600,16
6,arabic,ours,transductive,ssl_aasist_wavefake,22.439559014267186,0.8598750972762645,77.89946140035907,5570,8.915382663408915,16706,64600,16
7,arabic,source,transductive,ssl_aasist_wavefake,22.2784046692607,0.8574623216601815,59.281867145421906,5570,0.6085056861241659,0,64600,16
7,arabic,ours,transductive,ssl_aasist_wavefake,22.62016861219196,0.8581376134889753,77.41472172351885,5570,8.949429718653361,16706,64600,16
8,arabic,source,transductive,ssl_aasist_wavefake,22.33119325551232,0.8550691309987031,59.22800718132854,5570,0.6118939638137817,0,64600,16
8,arabic,ours,transductive,ssl_aasist_wavefake,22.80077821011673,0.8564367704280156,77.36086175942549,5570,8.920342298348745,16706,64600,16
9,arabic,source,transductive,ssl_aasist_wavefake,22.05058365758755,0.8583743839169908,59.138240574506284,5570,0.6110111832618713,0,64600,16
9,arabic,ours,transductive,ssl_aasist_wavefake,22.586835278858626,0.8591121919584954,77.4685816876122,5570,8.912389906247457,16706,64600,16
1,dataset2,source,transductive,ssl_aasist_wavefake,33.95562635867311,0.7331694527180748,66.74162356644929,4447,0.5822857618331909,0,64600,16
1,dataset2,ours,transductive,ssl_aasist_wavefake,32.966706614843325,0.7437741353567267,68.20328311221047,4447,7.226909454663595,16706,64600,16
2,dataset2,source,transductive,ssl_aasist_wavefake,33.79762464175147,0.7340395499091148,66.78659770631886,4447,0.5846933960914612,0,64600,16
2,dataset2,ours,transductive,ssl_aasist_wavefake,33.07868900364714,0.7439811616217422,68.04587362266696,4447,7.220938273270925,16706,64600,16
3,dataset2,source,transductive,ssl_aasist_wavefake,33.95562635867311,0.7346680152717792,66.67416235664493,4447,0.5824109514554342,0,64600,16
3,dataset2,ours,transductive,ssl_aasist_wavefake,32.98767232457509,0.7437164594177927,68.06836069260176,4447,7.217737583319346,16706,64600,16
4,dataset2,source,transductive,ssl_aasist_wavefake,34.11260609843117,0.7336912681866402,66.74162356644929,4447,0.5855167269706726,0,64600,16
4,dataset2,ours,transductive,ssl_aasist_wavefake,33.05567933958824,0.7442017467916999,68.1583089723409,4447,7.2318713943163555,16706,64600,16
5,dataset2,source,transductive,ssl_aasist_wavefake,33.82063430581037,0.734440751835208,66.65167528671014,4447,0.584686028957367,0,64600,16
5,dataset2,ours,transductive,ssl_aasist_wavefake,33.09965471337892,0.7438374777036962,67.91095120305825,4447,7.221294673283895,16706,64600,16
6,dataset2,source,transductive,ssl_aasist_wavefake,33.77563695485613,0.7342925145535619,66.60670114684056,4447,0.5862018903096516,0,64600,16
6,dataset2,ours,transductive,ssl_aasist_wavefake,32.96568463767975,0.7451599768648655,68.09084776253654,4447,7.23389048576355,16706,64600,16
7,dataset2,source,transductive,ssl_aasist_wavefake,33.75262729079723,0.7341191831791868,66.62918821677536,4447,0.5834953308105468,0,64600,16
7,dataset2,ours,transductive,ssl_aasist_wavefake,33.05465736242468,0.7443121405625368,67.7985158533843,4447,7.2057947794596355,16706,64600,16
8,dataset2,source,transductive,ssl_aasist_wavefake,33.79762464175147,0.7348635063490079,66.65167528671014,4447,0.5827150066693624,0,64600,16
8,dataset2,ours,transductive,ssl_aasist_wavefake,32.89869959983017,0.7445921218310106,68.18079604227569,4447,7.217340389887492,16706,64600,16
9,dataset2,source,transductive,ssl_aasist_wavefake,33.685642252947645,0.7337543069760364,66.80908477625366,4447,0.5853791316350301,0,64600,16
9,dataset2,ours,transductive,ssl_aasist_wavefake,32.89869959983017,0.7437754507728778,67.88846413312345,4447,7.227739024162292,16706,64600,16
1,in_the_wild,source,transductive,deepfense_w2v2_aasist_s42,15.350000000000003,0.9258470555555556,50.949999999999996,6000,0.6296481053034465,0,64000,16
1,in_the_wild,ours,transductive,deepfense_w2v2_aasist_s42,12.96666666666667,0.9432457222222221,86.11666666666666,6000,9.083661031723022,16706,64000,16
2,in_the_wild,source,transductive,deepfense_w2v2_aasist_s42,14.866666666666664,0.9292361666666666,51.0,6000,0.6230562011400859,0,64000,16
2,in_the_wild,ours,transductive,deepfense_w2v2_aasist_s42,12.83333333333333,0.943932,85.71666666666667,6000,9.068047932783763,16706,64000,16
3,in_the_wild,source,transductive,deepfense_w2v2_aasist_s42,14.983333333333333,0.92957,51.016666666666666,6000,0.6217602729797364,0,64000,16
3,in_the_wild,ours,transductive,deepfense_w2v2_aasist_s42,12.183333333333334,0.9473575,88.26666666666667,6000,9.061585533618928,16706,64000,16
4,in_the_wild,source,transductive,deepfense_w2v2_aasist_s42,15.166666666666668,0.9304386666666666,51.28333333333334,6000,0.6242456515630086,0,64000,16
4,in_the_wild,ours,transductive,deepfense_w2v2_aasist_s42,12.266666666666667,0.9483656111111111,85.56666666666666,6000,9.083519852161407,16706,64000,16
5,in_the_wild,source,transductive,deepfense_w2v2_aasist_s42,14.849999999999996,0.9270747777777778,50.96666666666667,6000,0.6246453523635864,0,64000,16
5,in_the_wild,ours,transductive,deepfense_w2v2_aasist_s42,12.9,0.9424382777777778,86.1,6000,9.078118471304576,16706,64000,16
6,in_the_wild,source,transductive,deepfense_w2v2_aasist_s42,15.566666666666665,0.9261361666666666,51.03333333333333,6000,0.6218864480654399,0,64000,16
6,in_the_wild,ours,transductive,deepfense_w2v2_aasist_s42,13.133333333333336,0.9403805000000001,85.18333333333334,6000,9.077687378724416,16706,64000,16
7,in_the_wild,source,transductive,deepfense_w2v2_aasist_s42,15.266666666666664,0.9276037222222223,51.13333333333333,6000,0.6229802966117859,0,64000,16
7,in_the_wild,ours,transductive,deepfense_w2v2_aasist_s42,12.5,0.9447383333333335,87.51666666666667,6000,9.090023346741994,16706,64000,16
8,in_the_wild,source,transductive,deepfense_w2v2_aasist_s42,15.166666666666668,0.9252706666666667,51.24999999999999,6000,0.6223011493682862,0,64000,16
8,in_the_wild,ours,transductive,deepfense_w2v2_aasist_s42,13.0,0.9409693333333333,86.08333333333333,6000,9.086511850357056,16706,64000,16
9,in_the_wild,source,transductive,deepfense_w2v2_aasist_s42,15.35,0.9292495555555556,51.03333333333333,6000,0.6243192394574483,0,64000,16
9,in_the_wild,ours,transductive,deepfense_w2v2_aasist_s42,12.466666666666667,0.9447885,87.21666666666667,6000,9.04259184996287,16706,64000,16
1,arabic,source,transductive,deepfense_w2v2_aasist_s42,32.634046692607,0.7323675745784696,53.84201077199282,5570,0.5884663263956705,0,64000,16
1,arabic,ours,transductive,deepfense_w2v2_aasist_s42,28.366212710765236,0.7691867055771724,72.11849192100539,5570,8.44135418732961,16706,64000,16
2,arabic,source,transductive,deepfense_w2v2_aasist_s42,33.186964980544744,0.7264609597924773,53.931777378815084,5570,0.5899384180704753,0,64000,16
2,arabic,ours,transductive,deepfense_w2v2_aasist_s42,29.372049286640724,0.7593898832684826,71.18491921005386,5570,8.4403413494428,16706,64000,16
3,arabic,source,transductive,deepfense_w2v2_aasist_s42,32.74811932555123,0.7310036316472114,53.87791741472172,5570,0.5896743456522624,0,64000,16
3,arabic,ours,transductive,deepfense_w2v2_aasist_s42,29.533203631647208,0.7565920881971466,71.49012567324955,5570,8.436499134699504,16706,64000,16
4,arabic,source,transductive,deepfense_w2v2_aasist_s42,32.50045395590143,0.7330527237354086,53.91382405745063,5570,0.5891042987505595,0,64000,16
4,arabic,ours,transductive,deepfense_w2v2_aasist_s42,28.84967574578469,0.7642656290531777,71.63375224416517,5570,8.431085813045502,16706,64000,16
5,arabic,source,transductive,deepfense_w2v2_aasist_s42,33.650907911802854,0.7243164072632945,53.94973070017953,5570,0.5926016211509705,0,64000,16
5,arabic,ours,transductive,deepfense_w2v2_aasist_s42,29.92775616083009,0.7522535019455253,70.59245960502693,5570,8.44490463733673,16706,64000,16
6,arabic,source,transductive,deepfense_w2v2_aasist_s42,32.33962386511025,0.7358141374837873,53.82405745062837,5570,0.5953585346539815,0,64000,16
6,arabic,ours,transductive,deepfense_w2v2_aasist_s42,28.293968871595332,0.7706140077821011,72.06463195691202,5570,8.43145082394282,16706,64000,16
7,arabic,source,transductive,deepfense_w2v2_aasist_s42,32.65901426718547,0.728179896238651,53.87791741472172,5570,0.5892835299173991,0,64000,16
7,arabic,ours,transductive,deepfense_w2v2_aasist_s42,29.04974059662776,0.7582889753566797,70.98743267504489,5570,8.432015895843506,16706,64000,16
8,arabic,source,transductive,deepfense_w2v2_aasist_s42,32.95629053177691,0.7319950713359273,53.87791741472172,5570,0.5895884195963542,0,64000,16
8,arabic,ours,transductive,deepfense_w2v2_aasist_s42,28.580155642023346,0.7637794422827497,72.02872531418313,5570,8.452644948164622,16706,64000,16
9,arabic,source,transductive,deepfense_w2v2_aasist_s42,32.41750972762646,0.7317592736705577,53.85996409335727,5570,0.5885533571243287,0,64000,16
9,arabic,ours,transductive,deepfense_w2v2_aasist_s42,28.83300907911803,0.7671279507133593,71.34649910233392,5570,8.463430551687877,16706,64000,16
1,dataset2,source,transductive,deepfense_w2v2_aasist_s42,43.0670789383256,0.5848932145168516,46.07600629637958,4447,0.5689813693364462,0,64000,16
1,dataset2,ours,transductive,deepfense_w2v2_aasist_s42,43.129976067520914,0.5873818806889219,55.13829548009894,4447,6.843775339921316,16706,64000,16
2,dataset2,source,transductive,deepfense_w2v2_aasist_s42,43.19593912820693,0.5857627045927452,45.80616145716213,4447,0.5708240191141765,0,64000,16
2,dataset2,ours,transductive,deepfense_w2v2_aasist_s42,42.38803076535768,0.592366700786538,57.11715763436024,4447,6.839389212926229,16706,64000,16
3,dataset2,source,transductive,deepfense_w2v2_aasist_s42,42.94283282355898,0.5870409855340651,45.91859680683607,4447,0.5696409304936727,0,64000,16
3,dataset2,ours,transductive,deepfense_w2v2_aasist_s42,41.803065202952524,0.6047230118091991,59.185968068360694,4447,6.830983626842499,16706,64000,16
4,dataset2,source,transductive,deepfense_w2v2_aasist_s42,43.49199882948199,0.5813500905208684,46.00854508657522,4447,0.5686990777651469,0,64000,16
4,dataset2,ours,transductive,deepfense_w2v2_aasist_s42,42.40899647508945,0.5881782133896412,56.06026534742523,4447,6.821988133589427,16706,64000,16
5,dataset2,source,transductive,deepfense_w2v2_aasist_s42,43.0348714797946,0.5842296376615381,45.98605801664043,4447,0.5697089195251465,0,64000,16
5,dataset2,ours,transductive,deepfense_w2v2_aasist_s42,42.253038712494956,0.5965108687777274,56.89228693501237,4447,6.843345002333323,16706,64000,16
6,dataset2,source,transductive,deepfense_w2v2_aasist_s42,42.54909841377002,0.5820487788688311,45.941083876770854,4447,0.5707234859466552,0,64000,16
6,dataset2,ours,transductive,deepfense_w2v2_aasist_s42,42.63602718418781,0.587339281442797,54.19383854283787,4447,6.83260205189387,16706,64000,16
7,dataset2,source,transductive,deepfense_w2v2_aasist_s42,43.916918720638385,0.5824398622091463,46.21092871598831,4447,0.5693745851516724,0,64000,16
7,dataset2,ours,transductive,deepfense_w2v2_aasist_s42,43.37797248635104,0.5840260517156872,55.04834720035979,4447,6.832522368431091,16706,64000,16
8,dataset2,source,transductive,deepfense_w2v2_aasist_s42,42.96686446478145,0.5880207681949374,46.09849336631437,4447,0.5688540935516357,0,64000,16
8,dataset2,ours,transductive,deepfense_w2v2_aasist_s42,42.43302811631193,0.5965602474763235,55.767933438273,4447,6.829272798697153,16706,64000,16
9,dataset2,source,transductive,deepfense_w2v2_aasist_s42,42.227985094108924,0.5894174365898586,45.91859680683607,4447,0.5727315823237101,0,64000,16
9,dataset2,ours,transductive,deepfense_w2v2_aasist_s42,42.27604837655386,0.5996428746335554,56.914774004947155,4447,6.840989983081817,16706,64000,16
1,in_the_wild,source,transductive,hf_w2v2_mothecreator,10.066666666666668,0.9545230000000001,89.31666666666666,6000,0.2731244723002116,0,64000,16
1,in_the_wild,ours,transductive,hf_w2v2_mothecreator,10.083333333333332,0.9465137777777777,87.88333333333334,6000,5.294907673199972,209666,64000,16
2,in_the_wild,source,transductive,hf_w2v2_mothecreator,10.100000000000001,0.950813,89.53333333333333,6000,0.2726602037747701,0,64000,16
2,in_the_wild,ours,transductive,hf_w2v2_mothecreator,10.066666666666668,0.9389658333333333,87.61666666666666,6000,5.275694485505422,209666,64000,16
3,in_the_wild,source,transductive,hf_w2v2_mothecreator,10.066666666666668,0.9512248888888888,89.46666666666667,6000,0.2735455552736918,0,64000,16
3,in_the_wild,ours,transductive,hf_w2v2_mothecreator,10.066666666666668,0.9370507777777777,87.11666666666666,6000,5.293115063508352,209666,64000,16
4,in_the_wild,source,transductive,hf_w2v2_mothecreator,10.65,0.9487936111111112,89.11666666666666,6000,0.27567261854807534,0,64000,16
4,in_the_wild,ours,transductive,hf_w2v2_mothecreator,10.666666666666668,0.9309615555555555,88.66666666666667,6000,5.297440191109975,209666,64000,16
5,in_the_wild,source,transductive,hf_w2v2_mothecreator,10.466666666666665,0.9480461666666666,89.1,6000,0.2754822731018066,0,64000,16
5,in_the_wild,ours,transductive,hf_w2v2_mothecreator,10.499999999999998,0.9471721666666666,86.86666666666667,6000,5.302701512972514,209666,64000,16
6,in_the_wild,source,transductive,hf_w2v2_mothecreator,10.450000000000001,0.9486745555555556,89.25,6000,0.27386210759480795,0,64000,16
6,in_the_wild,ours,transductive,hf_w2v2_mothecreator,10.533333333333331,0.9354311666666666,87.91666666666667,6000,5.2935866713523865,209666,64000,16
7,in_the_wild,source,transductive,hf_w2v2_mothecreator,10.333333333333334,0.950179611111111,89.11666666666666,6000,0.2732954740524292,0,64000,16
7,in_the_wild,ours,transductive,hf_w2v2_mothecreator,10.350000000000003,0.9458816111111111,87.3,6000,5.295420281092325,209666,64000,16
8,in_the_wild,source,transductive,hf_w2v2_mothecreator,10.599999999999998,0.9490171666666666,89.21666666666667,6000,0.2754638115564982,0,64000,16
8,in_the_wild,ours,transductive,hf_w2v2_mothecreator,10.599999999999998,0.9472038333333335,87.26666666666667,6000,5.289238901933034,209666,64000,16
9,in_the_wild,source,transductive,hf_w2v2_mothecreator,10.866666666666667,0.946374,88.58333333333334,6000,0.27898006041844686,0,64000,16
9,in_the_wild,ours,transductive,hf_w2v2_mothecreator,10.916666666666666,0.938547111111111,87.05000000000001,6000,5.295520289738973,209666,64000,16
1,arabic,source,transductive,hf_w2v2_mothecreator,48.58573281452658,0.5062920233463035,49.78456014362657,5570,0.2625517686208089,0,64000,16
1,arabic,ours,transductive,hf_w2v2_mothecreator,48.599610894941634,0.5194983787289235,51.526032315978455,5570,4.927975583076477,209666,64000,16
2,arabic,source,transductive,hf_w2v2_mothecreator,48.76634241245136,0.5064880025940337,49.67684021543985,5570,0.26183536847432454,0,64000,16
2,arabic,ours,transductive,hf_w2v2_mothecreator,48.78022049286641,0.5165434500648508,51.23877917414722,5570,4.930228896935781,209666,64000,16
3,arabic,source,transductive,hf_w2v2_mothecreator,48.949675745784695,0.5053974059662776,49.64093357271095,5570,0.26320781707763674,0,64000,16
3,arabic,ours,transductive,hf_w2v2_mothecreator,48.941374837872885,0.5198643320363165,50.987432675044886,5570,4.9318927447001135,209666,64000,16
4,arabic,source,transductive,hf_w2v2_mothecreator,49.16634241245136,0.50369046692607,49.47935368043088,5570,0.2636667251586914,0,64000,16
4,arabic,ours,transductive,hf_w2v2_mothecreator,49.29980544747082,0.5201258754863813,51.077199281867145,5570,4.928841666380564,209666,64000,16
5,arabic,source,transductive,hf_w2v2_mothecreator,49.5026588845655,0.5016490920881971,49.56912028725314,5570,0.2681978702545166,0,64000,16
5,arabic,ours,transductive,hf_w2v2_mothecreator,49.56932555123217,0.5133845654993515,50.70017953321364,5570,4.930578990777334,209666,64000,16
6,arabic,source,transductive,hf_w2v2_mothecreator,48.83300907911803,0.508094682230869,49.83842010771993,5570,0.2674536903699239,0,64000,16
6,arabic,ours,transductive,hf_w2v2_mothecreator,48.79688715953308,0.5242322308690013,51.25673249551167,5570,4.924750292301178,209666,64000,16
7,arabic,source,transductive,hf_w2v2_mothecreator,48.7996757457847,0.5061662775616083,49.6229802513465,5570,0.2642135779062907,0,64000,16
7,arabic,ours,transductive,hf_w2v2_mothecreator,48.67185473411154,0.5314072632944228,51.633752244165166,5570,4.917159267266592,209666,64000,16
8,arabic,source,transductive,hf_w2v2_mothecreator,48.235732814526585,0.5138204280155642,50.16157989228007,5570,0.2632813771565755,0,64000,16
8,arabic,ours,transductive,hf_w2v2_mothecreator,47.98832684824903,0.5327817769130999,52.42369838420108,5570,4.915149736404419,209666,64000,16
9,arabic,source,transductive,hf_w2v2_mothecreator,48.883009079118025,0.5090861219195849,50.16157989228007,5570,0.2634657065073649,0,64000,16
9,arabic,ours,transductive,hf_w2v2_mothecreator,48.81355382619974,0.5255837872892348,51.418312387791744,5570,4.925778067111969,209666,64000,16
1,dataset2,source,transductive,hf_w2v2_mothecreator,48.97656576008186,0.5271884376134547,50.41601079379356,4447,0.3102436105410258,0,64000,16
1,dataset2,ours,transductive,hf_w2v2_mothecreator,50.48346602846723,0.5238481912623179,51.472903080728585,4447,4.035051222642263,209666,64000,16
2,dataset2,source,transductive,hf_w2v2_mothecreator,48.97656576008186,0.5271683016277566,50.41601079379356,4447,0.30501406590143837,0,64000,16
2,dataset2,ours,transductive,hf_w2v2_mothecreator,49.40455158272895,0.5256585074438389,51.33798066111985,4447,4.028446332613627,209666,64000,16
3,dataset2,source,transductive,hf_w2v2_mothecreator,48.97656576008186,0.5271632423348678,50.41601079379356,4447,0.30959221919377644,0,64000,16
3,dataset2,ours,transductive,hf_w2v2_mothecreator,49.56153132248702,0.5255470006285665,50.75331684281538,4447,4.032391424973806,209666,64000,16
4,dataset2,source,transductive,hf_w2v2_mothecreator,48.97656576008186,0.527189651843748,50.41601079379356,4447,0.30559733311335247,0,64000,16
4,dataset2,ours,transductive,hf_w2v2_mothecreator,49.066560461990335,0.5268737495957625,51.023161682032836,4447,4.030076233545939,209666,64000,16
5,dataset2,source,transductive,hf_w2v2_mothecreator,48.97656576008186,0.5271659743530277,50.41601079379356,4447,0.3068538586298625,0,64000,16
5,dataset2,ours,transductive,hf_w2v2_mothecreator,49.74152072630399,0.5260202468853982,51.31549359118507,4447,4.03264948129654,209666,64000,16
6,dataset2,source,transductive,hf_w2v2_mothecreator,48.97656576008186,0.5271698194156234,50.41601079379356,4447,0.3041964332262675,0,64000,16
6,dataset2,ours,transductive,hf_w2v2_mothecreator,49.066560461990335,0.5272664519098021,51.09062289183719,4447,4.020710416634878,209666,64000,16
7,dataset2,source,transductive,hf_w2v2_mothecreator,48.97656576008186,0.5271685039994722,50.41601079379356,4447,0.30686748027801514,0,64000,16
7,dataset2,ours,transductive,hf_w2v2_mothecreator,50.0565021829837,0.5251440785428912,51.13559703170677,4447,4.025917931397756,209666,64000,16
8,dataset2,source,transductive,hf_w2v2_mothecreator,48.97656576008186,0.5271661767247433,50.41601079379356,4447,0.30808149178822836,0,64000,16
8,dataset2,ours,transductive,hf_w2v2_mothecreator,49.26955952986623,0.5269441749527766,51.67528671014166,4447,4.029826132456462,209666,64000,16
9,dataset2,source,transductive,hf_w2v2_mothecreator,48.97656576008186,0.52716496249445,50.41601079379356,4447,0.3044541120529175,0,64000,16
9,dataset2,ours,transductive,hf_w2v2_mothecreator,49.60652867344126,0.5254235538820764,51.158084101641556,4447,4.027980220317841,209666,64000,16
1,in_the_wild,source,transductive,hf_ast_asv19,38.23333333333333,0.6799382222222222,52.583333333333336,6000,0.7605466604232788,0,163840,16
1,in_the_wild,ours,transductive,hf_ast_asv19,42.333333333333336,0.6302173888888889,58.333333333333336,6000,12.359347275892894,15362,163840,16
2,in_the_wild,source,transductive,hf_ast_asv19,38.85,0.6759082222222222,52.28333333333334,6000,0.7532662828763326,0,163840,16
2,in_the_wild,ours,transductive,hf_ast_asv19,42.46666666666666,0.6268890555555555,57.9,6000,12.377872900168102,15362,163840,16
3,in_the_wild,source,transductive,hf_ast_asv19,37.73333333333333,0.6812880555555556,52.43333333333333,6000,0.7590122143427531,0,163840,16
3,in_the_wild,ours,transductive,hf_ast_asv19,41.03333333333333,0.6380452222222222,59.18333333333333,6000,12.445091966787974,15362,163840,16
4,in_the_wild,source,transductive,hf_ast_asv19,38.28333333333334,0.6768501666666666,52.5,6000,0.7570301572481791,0,163840,16
4,in_the_wild,ours,transductive,hf_ast_asv19,42.25,0.6292687222222222,58.116666666666674,6000,12.375290334224701,15362,163840,16
5,in_the_wild,source,transductive,hf_ast_asv19,38.4,0.681602,52.349999999999994,6000,0.7571788152058919,0,163840,16
5,in_the_wild,ours,transductive,hf_ast_asv19,42.1,0.6348521111111111,58.58333333333333,6000,12.388824272155762,15362,163840,16
6,in_the_wild,source,transductive,hf_ast_asv19,38.366666666666674,0.6761056111111111,52.46666666666666,6000,0.7585888862609863,0,163840,16
6,in_the_wild,ours,transductive,hf_ast_asv19,42.08333333333334,0.62689,57.99999999999999,6000,12.446207499504089,15362,163840,16
7,in_the_wild,source,transductive,hf_ast_asv19,38.366666666666674,0.6776282222222222,52.583333333333336,6000,0.7587380051612854,0,163840,16
7,in_the_wild,ours,transductive,hf_ast_asv19,41.733333333333334,0.6328777777777778,58.15,6000,12.364643144607545,15362,163840,16
8,in_the_wild,source,transductive,hf_ast_asv19,37.83333333333333,0.6772633888888888,52.33333333333333,6000,0.7580230077107747,0,163840,16
8,in_the_wild,ours,transductive,hf_ast_asv19,41.86666666666666,0.6284003888888889,58.61666666666666,6000,12.35249452193578,15362,163840,16
9,in_the_wild,source,transductive,hf_ast_asv19,37.68333333333334,0.6812573888888889,52.083333333333336,6000,0.7494982202847799,0,163840,16
9,in_the_wild,ours,transductive,hf_ast_asv19,41.766666666666666,0.6338099444444444,58.5,6000,12.318223349253337,15362,163840,16
1,arabic,source,transductive,hf_ast_asv19,32.25038910505836,0.7392228274967574,53.87791741472172,5570,0.7111776947975159,0,163840,16
1,arabic,ours,transductive,hf_ast_asv19,31.903307392996105,0.7444957846952011,68.50987432675045,5570,11.50675826072693,15362,163840,16
2,arabic,source,transductive,hf_ast_asv19,32.333722438391696,0.7374952658884566,53.87791741472172,5570,0.7051516731580099,0,163840,16
2,arabic,ours,transductive,hf_ast_asv19,32.10058365758754,0.7410471465629053,68.00718132854578,5570,11.482489252090454,15362,163840,16
3,arabic,source,transductive,hf_ast_asv19,32.50038910505836,0.7349804150453956,53.87791741472172,5570,0.7111864010492961,0,163840,16
3,arabic,ours,transductive,hf_ast_asv19,32.3701037613489,0.7364739299610895,67.71992818671454,5570,11.508740099271138,15362,163840,16
4,arabic,source,transductive,hf_ast_asv19,31.800389105058365,0.7412809987029831,53.87791741472172,5570,0.7112942854563395,0,163840,16
4,arabic,ours,transductive,hf_ast_asv19,31.580998702983138,0.7481998054474709,68.77917414721723,5570,11.521719272931417,15362,163840,16
5,arabic,source,transductive,hf_ast_asv19,31.567055771725034,0.7407269130998702,53.87791741472172,5570,0.7057875990867615,0,163840,16
5,arabic,ours,transductive,hf_ast_asv19,31.472632944228273,0.7457469520103762,68.34829443447038,5570,11.453745047251383,15362,163840,16
6,arabic,source,transductive,hf_ast_asv19,32.2837224383917,0.737756549935149,53.87791741472172,5570,0.7088989655176798,0,163840,16
6,arabic,ours,transductive,hf_ast_asv19,32.297859922178986,0.7428167315175097,67.86355475763017,5570,11.52083971897761,15362,163840,16
7,arabic,source,transductive,hf_ast_asv19,32.117055771725035,0.7390331387808041,53.87791741472172,5570,0.7135886549949646,0,163840,16
7,arabic,ours,transductive,hf_ast_asv19,32.047795071335926,0.741483852140078,68.27648114901257,5570,11.527034473419189,15362,163840,16
8,arabic,source,transductive,hf_ast_asv19,31.9837224383917,0.7443802853437095,53.87791741472172,5570,0.7076229174931844,0,163840,16
8,arabic,ours,transductive,hf_ast_asv19,31.650453955901426,0.7469559662775616,68.29443447037701,5570,11.462299247582754,15362,163840,16
9,arabic,source,transductive,hf_ast_asv19,31.767055771725033,0.7396657587548638,53.87791741472172,5570,0.7093124190966288,0,163840,16
9,arabic,ours,transductive,hf_ast_asv19,32.17282749675746,0.7428741245136186,68.09694793536805,5570,11.505965292453766,15362,163840,16
1,dataset2,source,transductive,hf_ast_asv19,41.87720408094707,0.5954835287636991,47.60512705194513,4447,0.6621629118919372,0,163840,16
1,dataset2,ours,transductive,hf_ast_asv19,44.00691342254688,0.5760596891327603,56.42005846638183,4447,9.30331080754598,15362,163840,16
2,dataset2,source,transductive,hf_ast_asv19,41.87720408094707,0.5954835287636991,47.60512705194513,4447,0.6689394434293111,0,163840,16
2,dataset2,ours,transductive,hf_ast_asv19,43.984925735651544,0.5761534884229212,56.55498088599056,4447,9.315607972939809,15362,163840,16
3,dataset2,source,transductive,hf_ast_asv19,41.87720408094707,0.5954835287636991,47.60512705194513,4447,0.6620483716328939,0,163840,16
3,dataset2,ours,transductive,hf_ast_asv19,43.96293804875621,0.5763070885550295,56.734877445468854,4447,9.270866032441457,15362,163840,16
4,dataset2,source,transductive,hf_ast_asv19,41.87720408094707,0.5954835287636991,47.60512705194513,4447,0.6631720264752706,0,163840,16
4,dataset2,ours,transductive,hf_ast_asv19,44.09690812445537,0.5754814119555542,56.71239037553407,4447,9.309806485970816,15362,163840,16
5,dataset2,source,transductive,hf_ast_asv19,41.87720408094707,0.5954835287636991,47.60512705194513,4447,0.6667872667312622,0,163840,16
5,dataset2,ours,transductive,hf_ast_asv19,43.9399283846973,0.5758390027769447,56.757364515403644,4447,9.308840215206146,15362,163840,16
6,dataset2,source,transductive,hf_ast_asv19,41.87720408094707,0.5954835287636991,47.60512705194513,4447,0.6671685099601745,0,163840,16
6,dataset2,ours,transductive,hf_ast_asv19,43.96293804875621,0.5759173206308654,56.62244209579492,4447,9.339577047030131,15362,163840,16
7,dataset2,source,transductive,hf_ast_asv19,41.87720408094707,0.5954835287636991,47.60512705194513,4447,0.660250190893809,0,163840,16
7,dataset2,ours,transductive,hf_ast_asv19,44.029923086605784,0.5760847832254894,56.734877445468854,4447,9.295011083285013,15362,163840,16
8,dataset2,source,transductive,hf_ast_asv19,41.87720408094707,0.5954835287636991,47.60512705194513,4447,0.6686793605486552,0,163840,16
8,dataset2,ours,transductive,hf_ast_asv19,44.074920437560024,0.5760690994175338,56.599955025860126,4447,9.308276458581288,15362,163840,16
9,dataset2,source,transductive,hf_ast_asv19,41.87720408094707,0.5954835287636991,47.60512705194513,4447,0.6649982333183289,0,163840,16
9,dataset2,ours,transductive,hf_ast_asv19,44.09690812445537,0.5761206030191433,56.71239037553407,4447,9.347315275669098,15362,163840,16
0,arabic,source,transductive,hf_xlsr_gustking,27.610440985732815,0.7872575875486381,64.66786355475763,5570,0.5402548273404439,0,64000,16
0,arabic,tent,transductive,hf_xlsr_gustking,27.84662775616083,0.7714603761348898,69.9640933572711,5570,5.06059015194575,279298,64000,16
0,arabic,source,transductive,hf_xlsr_gustking,27.610440985732815,0.7872575875486381,64.66786355475763,5570,0.5413073579470317,0,64000,16
0,arabic,st_only,transductive,hf_xlsr_gustking,29.56932555123216,0.764708495460441,55.43985637342909,5570,6.994699664910635,279298,64000,16
0,dataset2,source,transductive,hf_xlsr_gustking,49.921510130120964,0.48623781266935984,50.326062514054414,4447,0.5260534246762594,0,64000,16
0,dataset2,tent,transductive,hf_xlsr_gustking,49.921510130120964,0.46767799907799446,48.257252080053966,4447,4.130192001660665,279298,64000,16
0,dataset2,source,transductive,hf_xlsr_gustking,49.921510130120964,0.48623781266935984,50.326062514054414,4447,0.5351232369740804,0,64000,16
0,dataset2,st_only,transductive,hf_xlsr_gustking,49.32068874380186,0.5014798431700154,53.00202383629413,4447,5.6947487155596415,279298,64000,16
0,in_the_wild,source,transductive,hf_xlsr_gustking,12.65,0.9412628888888889,79.98333333333333,6000,0.5747823397318522,0,64000,16
0,in_the_wild,tent,transductive,hf_xlsr_gustking,12.083333333333334,0.9444837222222222,80.15,6000,5.449586621920267,279298,64000,16
0,in_the_wild,source,transductive,hf_xlsr_gustking,12.65,0.9412628888888889,79.98333333333333,6000,0.5728143135706584,0,64000,16
0,in_the_wild,st_only,transductive,hf_xlsr_gustking,11.049999999999999,0.9532348333333333,78.71666666666667,6000,7.52166702747345,279298,64000,16
0,asvspoof2021df,source,transductive,hf_xlsr_gustking,9.183333333333334,0.9713410555555555,91.48333333333333,6000,1.991894833246867,0,64000,16
0,asvspoof2021df,tent,transductive,hf_xlsr_gustking,9.099999999999998,0.9626274444444446,90.48333333333333,6000,6.844287367661794,279298,64000,16
0,asvspoof2021df,source,transductive,hf_xlsr_gustking,9.183333333333334,0.9713410555555555,91.48333333333333,6000,1.9858914176623026,0,64000,16
0,asvspoof2021df,st_only,transductive,hf_xlsr_gustking,9.133333333333335,0.9722116111111111,90.38333333333334,6000,8.911173470815022,279298,64000,16
0,asvspoof2021la,source,transductive,hf_xlsr_gustking,2.633333333333333,0.9970737222222223,92.46666666666667,6000,1.8761390765508017,0,64000,16
0,asvspoof2021la,tent,transductive,hf_xlsr_gustking,2.5499999999999976,0.9968686111111111,93.5,6000,6.725985511144002,279298,64000,16
0,asvspoof2021la,source,transductive,hf_xlsr_gustking,2.633333333333333,0.9970737222222223,92.46666666666667,6000,1.8757136384646098,0,64000,16
0,asvspoof2021la,st_only,transductive,hf_xlsr_gustking,2.9166666666666683,0.9967040555555556,92.30000000000001,6000,8.808965814113616,279298,64000,16
0,arabic,source,transductive,hf_xlsr_stafford,40.55570687418936,0.6399433852140077,59.74865350089766,5570,0.5429741024971009,0,64000,16
0,arabic,tent,transductive,hf_xlsr_stafford,39.58878080415046,0.6446358625162126,59.06642728904848,5570,5.060625263055166,279298,64000,16
0,arabic,source,transductive,hf_xlsr_stafford,40.55570687418936,0.6399433852140077,59.74865350089766,5570,0.5415680329004924,0,64000,16
0,arabic,st_only,transductive,hf_xlsr_stafford,42.31731517509728,0.6228778210116731,57.73788150807899,5570,6.9966548124949135,279298,64000,16
0,dataset2,source,transductive,hf_xlsr_stafford,41.28610665556051,0.6482889876193032,58.713739599730154,4447,0.5296431064605713,0,64000,16
0,dataset2,tent,transductive,hf_xlsr_stafford,41.2411396603636,0.6030619447679019,58.39892062064314,4447,4.1359129548072815,279298,64000,16
0,dataset2,source,transductive,hf_xlsr_stafford,41.28610665556051,0.6482889876193032,58.713739599730154,4447,0.5250303069750468,0,64000,16
0,dataset2,st_only,transductive,hf_xlsr_stafford,39.598195006194594,0.6598742624056897,60.6251405441871,4447,5.685018197695414,279298,64000,16
0,in_the_wild,source,transductive,hf_xlsr_stafford,38.983333333333334,0.6651701666666666,67.43333333333334,6000,0.5763469775517781,0,64000,16
0,in_the_wild,tent,transductive,hf_xlsr_stafford,36.25000000000001,0.7228374444444444,63.4,6000,5.4487654368082685,279298,64000,16
0,in_the_wild,source,transductive,hf_xlsr_stafford,38.983333333333334,0.6651701666666666,67.43333333333334,6000,0.5722644408543904,0,64000,16
0,in_the_wild,st_only,transductive,hf_xlsr_stafford,36.550000000000004,0.6932977777777777,64.41666666666667,6000,7.515372157096863,279298,64000,16
0,asvspoof2021df,source,transductive,hf_xlsr_stafford,15.833333333333332,0.8731995555555556,63.949999999999996,6000,1.9859558741251628,0,64000,16
0,asvspoof2021df,tent,transductive,hf_xlsr_stafford,45.35,0.5463346666666665,51.66666666666667,6000,6.839610393842062,279298,64000,16
0,asvspoof2021df,source,transductive,hf_xlsr_stafford,15.833333333333332,0.8731995555555556,63.949999999999996,6000,1.9852969646453857,0,64000,16
0,asvspoof2021df,st_only,transductive,hf_xlsr_stafford,13.483333333333336,0.9072316111111111,84.0,6000,8.913058070341746,279298,64000,16
0,asvspoof2021la,source,transductive,hf_xlsr_stafford,10.716666666666663,0.9370080000000001,67.30000000000001,6000,1.8821690996487936,0,64000,16
0,asvspoof2021la,tent,transductive,hf_xlsr_stafford,48.25,0.5174778888888888,51.0,6000,6.731065618991852,279298,64000,16
0,asvspoof2021la,source,transductive,hf_xlsr_stafford,10.716666666666663,0.9370080000000001,67.30000000000001,6000,1.8766887307167053,0,64000,16
0,asvspoof2021la,st_only,transductive,hf_xlsr_stafford,7.366666666666669,0.967376611111111,88.56666666666668,6000,8.807369128863018,279298,64000,16
0,asvspoof2019,source,transductive,hf_w2v2_mothecreator,0.4104651162790681,0.9993973514211886,99.24731182795699,5580,0.30752162138621014,0,64000,16
0,asvspoof2019,tent,transductive,hf_w2v2_mothecreator,0.4104651162790681,0.9968844315245478,99.26523297491039,5580,2.3252010226249693,209666,64000,16
0,asvspoof2019,source,transductive,hf_w2v2_mothecreator,0.4104651162790681,0.9993973514211886,99.24731182795699,5580,0.3041966954867045,0,64000,16
0,asvspoof2019,st_only,transductive,hf_w2v2_mothecreator,0.4271317829457385,0.9970585271317829,99.17562724014337,5580,3.1792250355084737,209666,64000,16
0,arabic,source,transductive,hf_w2v2_mothecreator,49.0996757457847,0.5037618677042801,49.33572710951526,5570,0.26440093517303465,0,64000,16
0,arabic,tent,transductive,hf_w2v2_mothecreator,52.297730220492866,0.47719085603112843,49.31777378815081,5570,2.280945332845052,209666,64000,16
0,arabic,source,transductive,hf_w2v2_mothecreator,49.0996757457847,0.5037618677042801,49.33572710951526,5570,0.26347877581914264,0,64000,16
0,arabic,st_only,transductive,hf_w2v2_mothecreator,49.17477302204929,0.5131123865110246,50.951526032315975,5570,3.134243432680766,209666,64000,16
0,dataset2,source,transductive,hf_w2v2_mothecreator,48.97656576008186,0.5271706289024856,50.41601079379356,4447,0.30632297595342,0,64000,16
0,dataset2,tent,transductive,hf_w2v2_mothecreator,48.88759303533694,0.5001103937708367,50.95570047222847,4447,1.9123170971870422,209666,64000,16
0,dataset2,source,transductive,hf_w2v2_mothecreator,48.97656576008186,0.5271706289024856,50.41601079379356,4447,0.3106305718421936,0,64000,16
0,dataset2,st_only,transductive,hf_w2v2_mothecreator,49.3595542317747,0.5261258849209193,51.158084101641556,4447,2.598993412653605,209666,64000,16
0,in_the_wild,source,transductive,hf_w2v2_mothecreator,10.333333333333336,0.9495957222222222,89.06666666666668,6000,0.2737428585688273,0,64000,16
0,in_the_wild,tent,transductive,hf_w2v2_mothecreator,10.8,0.8927102777777778,89.18333333333334,6000,2.445793795585632,209666,64000,16
0,in_the_wild,source,transductive,hf_w2v2_mothecreator,10.333333333333336,0.9495957222222222,89.06666666666668,6000,0.27338183323542276,0,64000,16
0,in_the_wild,st_only,transductive,hf_w2v2_mothecreator,10.633333333333333,0.8967816666666666,88.0,6000,3.359364179770152,209666,64000,16
0,asvspoof2021df,source,transductive,hf_w2v2_mothecreator,10.583333333333334,0.9399562222222222,86.83333333333333,6000,1.6891293247540793,0,64000,16
0,asvspoof2021df,tent,transductive,hf_w2v2_mothecreator,13.03333333333333,0.8724126666666666,86.78333333333333,6000,3.8295350392659504,209666,64000,16
0,asvspoof2021df,source,transductive,hf_w2v2_mothecreator,10.583333333333334,0.9399562222222222,86.83333333333333,6000,1.6902867237726846,0,64000,16
0,asvspoof2021df,st_only,transductive,hf_w2v2_mothecreator,10.7,0.9231120555555555,89.21666666666667,6000,4.73261254231135,209666,64000,16
0,asvspoof2021la,source,transductive,hf_w2v2_mothecreator,0.6999999999999985,0.9991068888888889,98.6,6000,1.5851585586865744,0,64000,16
0,asvspoof2021la,tent,transductive,hf_w2v2_mothecreator,1.3833333333333315,0.9866623333333334,98.6,6000,3.7227025588353473,209666,64000,16
0,asvspoof2021la,source,transductive,hf_w2v2_mothecreator,0.6999999999999985,0.9991068888888889,98.6,6000,1.5848450978597006,0,64000,16
0,asvspoof2021la,st_only,transductive,hf_w2v2_mothecreator,0.6666666666666689,0.9985746111111112,98.65,6000,4.626242248217265,209666,64000,16
0,arabic,source,transductive,hf_w2v2_bisher,49.82775616083009,0.500877496757458,44.4524236983842,5570,0.26278595527013143,0,64000,16
0,arabic,tent,transductive,hf_w2v2_bisher,46.63203631647212,0.5198018806744489,45.04488330341113,5570,2.275433325767517,209666,64000,16
0,arabic,source,transductive,hf_w2v2_bisher,49.82775616083009,0.500877496757458,44.4524236983842,5570,0.2638257225354513,0,64000,16
0,arabic,st_only,transductive,hf_w2v2_bisher,52.375680933852145,0.45566932555123224,44.721723518850986,5570,3.1300995429356893,209666,64000,16
0,dataset2,source,transductive,hf_w2v2_bisher,41.44791296073463,0.622601844577713,51.31549359118507,4447,0.30930707852045697,0,64000,16
0,dataset2,tent,transductive,hf_w2v2_bisher,70.50375581666903,0.2591294940180945,51.18057117157634,4447,1.914125915368398,209666,64000,16
0,dataset2,source,transductive,hf_w2v2_bisher,41.44791296073463,0.622601844577713,51.31549359118507,4447,0.30476660331090294,0,64000,16
0,dataset2,st_only,transductive,hf_w2v2_bisher,27.2090896470273,0.7859228008569227,66.47177872723185,4447,2.593917493025462,209666,64000,16
0,in_the_wild,source,transductive,hf_w2v2_bisher,21.349999999999998,0.8295233888888889,53.300000000000004,6000,0.2738751848538717,0,64000,16
0,in_the_wild,tent,transductive,hf_w2v2_bisher,37.95,0.6856302222222223,53.733333333333334,6000,2.4443827668825784,209666,64000,16
0,in_the_wild,source,transductive,hf_w2v2_bisher,21.349999999999998,0.8295233888888889,53.300000000000004,6000,0.27875445286432904,0,64000,16
0,in_the_wild,st_only,transductive,hf_w2v2_bisher,26.050000000000008,0.816729388888889,69.61666666666667,6000,3.3716573317845664,209666,64000,16
0,asvspoof2021df,source,transductive,hf_w2v2_bisher,6.466666666666665,0.9819553333333333,92.75,6000,1.6988786935806275,0,64000,16
0,asvspoof2021df,tent,transductive,hf_w2v2_bisher,6.550000000000001,0.9616580555555556,92.60000000000001,6000,3.8414879202842713,209666,64000,16
0,asvspoof2021df,source,transductive,hf_w2v2_bisher,6.466666666666665,0.9819553333333333,92.75,6000,1.6911532123883566,0,64000,16
0,asvspoof2021df,st_only,transductive,hf_w2v2_bisher,13.566666666666666,0.8771772222222223,84.35000000000001,6000,4.731483312447866,209666,64000,16
0,asvspoof2021la,source,transductive,hf_w2v2_bisher,5.966666666666666,0.9870388333333333,94.08333333333333,6000,1.5851346651713054,0,64000,16
0,asvspoof2021la,tent,transductive,hf_w2v2_bisher,5.8,0.9590286666666666,94.06666666666666,6000,3.7209728201230368,209666,64000,16
0,asvspoof2021la,source,transductive,hf_w2v2_bisher,5.966666666666666,0.9870388333333333,94.08333333333333,6000,1.584620745976766,0,64000,16
0,asvspoof2021la,st_only,transductive,hf_w2v2_bisher,5.900000000000002,0.9837472777777777,93.46666666666667,6000,4.62065912882487,209666,64000,16
0,arabic,source,transductive,hf_ast_asv19,31.883722438391697,0.7395060959792477,53.87791741472172,5570,0.7050958434740703,0,163840,16
0,arabic,tent,transductive,hf_ast_asv19,49.463359273670555,0.5053685473411155,53.85996409335727,5570,5.106445391972859,15362,163840,16
0,arabic,source,transductive,hf_ast_asv19,31.883722438391697,0.7395060959792477,53.87791741472172,5570,0.7090514024098714,0,163840,16
0,arabic,st_only,transductive,hf_ast_asv19,32.17282749675746,0.7396592088197147,67.89946140035906,5570,7.757780202229818,15362,163840,16
0,dataset2,source,transductive,hf_ast_asv19,41.87720408094707,0.5954835287636991,47.60512705194513,4447,0.6646339019139608,0,163840,16
0,dataset2,tent,transductive,hf_ast_asv19,50.76839528538662,0.49072925052444627,47.650101191814706,4447,4.203996602694193,15362,163840,16
0,dataset2,source,transductive,hf_ast_asv19,41.87720408094707,0.5954835287636991,47.60512705194513,4447,0.6662878274917603,0,163840,16
0,dataset2,st_only,transductive,hf_ast_asv19,43.55693991300444,0.5815450756688082,57.0047222846863,4447,6.309082754453024,15362,163840,16
0,in_the_wild,source,transductive,hf_ast_asv19,37.516666666666666,0.687503388888889,52.6,6000,0.7573299646377564,0,163840,16
0,in_the_wild,tent,transductive,hf_ast_asv19,45.49999999999999,0.5450636666666667,51.46666666666667,6000,5.517701808611552,15362,163840,16
0,in_the_wild,source,transductive,hf_ast_asv19,37.516666666666666,0.687503388888889,52.6,6000,0.7547548929850261,0,163840,16
0,in_the_wild,st_only,transductive,hf_ast_asv19,42.28333333333334,0.6295425,58.36666666666667,6000,8.370799108346302,15362,163840,16
0,asvspoof2021df,source,transductive,hf_ast_asv19,17.633333333333333,0.9110592222222222,76.43333333333334,6000,2.1687968611717223,0,163840,16
0,asvspoof2021df,tent,transductive,hf_ast_asv19,20.216666666666665,0.8026193333333334,76.98333333333333,6000,6.8816960533459985,15362,163840,16
0,asvspoof2021df,source,transductive,hf_ast_asv19,17.633333333333333,0.9110592222222222,76.43333333333334,6000,2.1644110878308616,0,163840,16
0,asvspoof2021df,st_only,transductive,hf_ast_asv19,17.866666666666664,0.9117133888888889,79.38333333333333,6000,9.69453204870224,15362,163840,16
0,asvspoof2021la,source,transductive,hf_ast_asv19,17.21666666666667,0.8989411666666667,70.33333333333334,6000,2.0570427934328714,0,163840,16
0,asvspoof2021la,tent,transductive,hf_ast_asv19,27.18333333333333,0.7312035000000001,68.98333333333333,6000,6.789906911055247,15362,163840,16
0,asvspoof2021la,source,transductive,hf_ast_asv19,17.21666666666667,0.8989411666666667,70.33333333333334,6000,2.053587818145752,0,163840,16
0,asvspoof2021la,st_only,transductive,hf_ast_asv19,16.799999999999997,0.8983671111111111,80.4,6000,9.558847030003866,15362,163840,16
0,asvspoof2021pa,source,transductive,ssl_aasist_wavefake,36.233333333333334,0.6968262222222222,63.916666666666664,6000,0.724318818251292,0,64600,16
0,asvspoof2021pa,ours,transductive,ssl_aasist_wavefake,35.25,0.7003331111111112,63.68333333333334,6000,9.649509958426158,16706,64600,16
0,asvspoof2021pa,source,transductive,deepfense_w2v2_aasist_s42,41.53333333333333,0.6216520555555556,50.83333333333333,6000,0.6644684871037801,0,64000,16
0,asvspoof2021pa,ours,transductive,deepfense_w2v2_aasist_s42,40.18333333333334,0.6423798888888888,60.516666666666666,6000,9.104676651954652,16706,64000,16
0,asvspoof2021pa,source,transductive,deepfense_w2v2_aasist_s2,40.46666666666666,0.6296588333333334,56.233333333333334,6000,0.6687912503878276,0,64000,16
0,asvspoof2021pa,ours,transductive,deepfense_w2v2_aasist_s2,40.06666666666666,0.6340928888888889,59.68333333333333,6000,9.117302572727203,16706,64000,16
0,asvspoof2021pa,source,transductive,deepfense_w2v2_aasist_s240,36.983333333333334,0.6765047777777777,62.9,6000,0.6676225026448568,0,64000,16
0,asvspoof2021pa,ours,transductive,deepfense_w2v2_aasist_s240,36.53333333333333,0.6774407777777778,63.76666666666667,6000,9.11242930094401,16706,64000,16
0,asvspoof2021pa,source,transductive,hf_w2v2_mothecreator,1.1833333333333338,0.9981711666666666,98.18333333333334,6000,0.31675647497177123,0,64000,16
0,asvspoof2021pa,ours,transductive,hf_w2v2_mothecreator,1.1833333333333338,0.9955498333333332,98.75,6000,5.3396313746770225,209666,64000,16
0,asvspoof2021pa,source,transductive,hf_w2v2_bisher,37.416666666666664,0.6609069444444445,53.083333333333336,6000,0.3159444014231364,0,64000,16
0,asvspoof2021pa,ours,transductive,hf_w2v2_bisher,35.516666666666666,0.7055683888888888,61.650000000000006,6000,5.343493127822876,209666,64000,16
0,asvspoof2021pa,source,transductive,hf_ast_asv19,40.949999999999996,0.6302008888888889,50.26666666666667,6000,0.7985142548878987,0,163840,16
0,asvspoof2021pa,ours,transductive,hf_ast_asv19,37.83333333333333,0.6696789999999999,62.66666666666667,6000,12.408152155081432,15362,163840,16
0,arabic,source,transductive,hf_xlsr_gustking,27.610440985732815,0.787246692607004,64.70377019748653,5570,0.6052493929862977,0,64000,8
0,arabic,ours,transductive,hf_xlsr_gustking,29.605447470817126,0.7635033722438392,54.18312387791742,5570,12.42686450878779,279298,64000,8
0,dataset2,source,transductive,hf_xlsr_gustking,49.89850046606206,0.4862419612895287,50.326062514054414,4447,0.5825320959091187,0,64000,8
0,dataset2,ours,transductive,hf_xlsr_gustking,49.51755594869635,0.5120364625262223,53.811558353946474,4447,10.01681680281957,279298,64000,8
0,in_the_wild,source,transductive,hf_xlsr_gustking,12.65,0.9412541666666666,80.0,6000,0.6475780447324117,0,64000,8
0,in_the_wild,ours,transductive,hf_xlsr_gustking,9.833333333333336,0.956848,75.06666666666668,6000,13.374339306354523,279298,64000,8
0,asvspoof2021df,source,transductive,hf_xlsr_gustking,9.233333333333334,0.9713589999999999,91.51666666666667,6000,2.0630544781684876,0,64000,8
0,asvspoof2021df,ours,transductive,hf_xlsr_gustking,9.183333333333335,0.9720372777777778,90.96666666666667,6000,14.781631501515706,279298,64000,8
0,asvspoof2021la,source,transductive,hf_xlsr_gustking,2.6499999999999977,0.9970684444444444,92.48333333333333,6000,1.9601341803868613,0,64000,8
0,asvspoof2021la,ours,transductive,hf_xlsr_gustking,3.516666666666668,0.9953773888888887,92.30000000000001,6000,14.645972339312236,279298,64000,8
0,arabic,source,transductive,hf_xlsr_stafford,40.61128404669261,0.6398509079118029,59.74865350089766,5570,0.6100443204243978,0,64000,8
0,arabic,ours,transductive,hf_xlsr_stafford,42.43955901426718,0.6244177691309987,57.97127468581687,5570,12.433518401781718,279298,64000,8
0,dataset2,source,transductive,hf_xlsr_stafford,41.174124266756685,0.6482298950783604,58.66876545986058,4447,0.5876880327860514,0,64000,8
0,dataset2,ours,transductive,hf_xlsr_stafford,42.9049893127497,0.615549999777391,58.60130425005622,4447,10.031985517342886,279298,64000,8
0,in_the_wild,source,transductive,hf_xlsr_stafford,39.016666666666666,0.6651214999999999,67.45,6000,0.6492056647936503,0,64000,8
0,in_the_wild,ours,transductive,hf_xlsr_stafford,32.43333333333334,0.7587888333333334,69.89999999999999,6000,13.384736148516337,279298,64000,8
0,asvspoof2021df,source,transductive,hf_xlsr_stafford,15.849999999999998,0.8731663333333333,63.983333333333334,6000,2.0644703269004823,0,64000,8
0,asvspoof2021df,ours,transductive,hf_xlsr_stafford,12.6,0.946480611111111,83.88333333333333,6000,14.765573664506276,279298,64000,8
0,asvspoof2021la,source,transductive,hf_xlsr_stafford,10.716666666666669,0.9370068333333332,67.28333333333333,6000,1.950944217046102,0,64000,8
0,asvspoof2021la,ours,transductive,hf_xlsr_stafford,8.299999999999999,0.9800017222222221,90.3,6000,14.64742072025935,279298,64000,8
1,in_the_wild,source,transductive,hf_xlsr_stafford,39.38333333333334,0.6586081111111111,67.03333333333333,6000,0.6466395219167074,0,64000,8
1,in_the_wild,ours,transductive,hf_xlsr_stafford,32.666666666666664,0.7591277777777777,69.81666666666668,6000,13.360454638799032,279298,64000,8
2,in_the_wild,source,transductive,hf_xlsr_stafford,39.4,0.6643747222222223,67.45,6000,0.6488968729972839,0,64000,8
2,in_the_wild,ours,transductive,hf_xlsr_stafford,30.633333333333333,0.7832468333333333,72.26666666666667,6000,13.38005839586258,279298,64000,8
3,in_the_wild,source,transductive,hf_xlsr_stafford,39.516666666666666,0.6637230000000001,67.65,6000,0.6528789758682251,0,64000,8
3,in_the_wild,ours,transductive,hf_xlsr_stafford,31.200000000000006,0.7695394444444443,71.21666666666667,6000,13.381861960887909,279298,64000,8
4,in_the_wild,source,transductive,hf_xlsr_stafford,39.349999999999994,0.6584646111111111,66.81666666666666,6000,0.6477229197820028,0,64000,8
4,in_the_wild,ours,transductive,hf_xlsr_stafford,34.18333333333333,0.7335186111111112,67.81666666666666,6000,13.377555215358734,279298,64000,8
5,in_the_wild,source,transductive,hf_xlsr_stafford,39.06666666666667,0.6663064444444443,67.43333333333334,6000,0.6493517160415649,0,64000,8
5,in_the_wild,ours,transductive,hf_xlsr_stafford,32.36666666666667,0.7591633333333334,70.03333333333333,6000,13.386713699499767,279298,64000,8
6,in_the_wild,source,transductive,hf_xlsr_stafford,38.96666666666667,0.6643831666666667,67.36666666666666,6000,0.6485994299252827,0,64000,8
6,in_the_wild,ours,transductive,hf_xlsr_stafford,32.86666666666667,0.7600141666666665,70.16666666666667,6000,13.381139409542083,279298,64000,8
7,in_the_wild,source,transductive,hf_xlsr_stafford,39.03333333333334,0.6634583333333334,67.26666666666667,6000,0.6502900918324789,0,64000,8
7,in_the_wild,ours,transductive,hf_xlsr_stafford,32.28333333333333,0.7573660555555557,70.66666666666667,6000,13.407064910729726,279298,64000,8
8,in_the_wild,source,transductive,hf_xlsr_stafford,40.449999999999996,0.6550279444444445,67.06666666666666,6000,0.650508975982666,0,64000,8
8,in_the_wild,ours,transductive,hf_xlsr_stafford,32.31666666666667,0.7620967222222224,70.21666666666667,6000,13.390672568480174,279298,64000,8
9,in_the_wild,source,transductive,hf_xlsr_stafford,39.733333333333334,0.6596287777777778,67.33333333333333,6000,0.648063047726949,0,64000,8
9,in_the_wild,ours,transductive,hf_xlsr_stafford,33.0,0.7551966666666666,69.5,6000,13.397362883885702,279298,64000,8
1,arabic,source,transductive,hf_xlsr_stafford,40.76964980544747,0.6426538261997405,60.03590664272891,5570,0.6138962984085083,0,64000,8
1,arabic,ours,transductive,hf_xlsr_stafford,43.68158236057069,0.6126407263294422,56.678635547576306,5570,12.449830293655396,279298,64000,8
2,arabic,source,transductive,hf_xlsr_stafford,40.52237354085603,0.6398837872892348,60.269299820466784,5570,0.6121393084526062,0,64000,8
2,arabic,ours,transductive,hf_xlsr_stafford,44.848573281452666,0.591830804150454,55.13464991023339,5570,12.43010309934616,279298,64000,8
3,arabic,source,transductive,hf_xlsr_stafford,40.30285343709468,0.6444507133592737,60.3770197486535,5570,0.6105202476183573,0,64000,8
3,arabic,ours,transductive,hf_xlsr_stafford,44.148378728923475,0.5988546692607004,56.050269299820464,5570,12.468637299537658,279298,64000,8
4,arabic,source,transductive,hf_xlsr_stafford,40.355642023346306,0.6419780155642023,60.44883303411132,5570,0.6205408851305644,0,64000,8
4,arabic,ours,transductive,hf_xlsr_stafford,41.742153047989625,0.636010700389105,58.20466786355476,5570,12.448186107476552,279298,64000,8
5,arabic,source,transductive,hf_xlsr_stafford,40.59461738002594,0.6390203631647211,60.14362657091562,5570,0.6133460203806559,0,64000,8
5,arabic,ours,transductive,hf_xlsr_stafford,44.273411154345006,0.6027332036316472,55.79892280071813,5570,12.436984821160634,279298,64000,8
6,arabic,source,transductive,hf_xlsr_stafford,40.76964980544747,0.6394454604409857,60.28725314183124,5570,0.6100948055585226,0,64000,8
6,arabic,ours,transductive,hf_xlsr_stafford,44.25674448767834,0.5917912451361867,56.37342908438061,5570,12.44135486682256,279298,64000,8
7,arabic,source,transductive,hf_xlsr_stafford,40.775226977950716,0.6375682230869001,59.67684021543985,5570,0.6120753884315491,0,64000,8
7,arabic,ours,transductive,hf_xlsr_stafford,45.36815823605706,0.5833704928664072,56.157989228007175,5570,12.441338586807252,279298,64000,8
8,arabic,source,transductive,hf_xlsr_stafford,39.62211413748379,0.6523323605706874,60.736086175942546,5570,0.6103779832522075,0,64000,8
8,arabic,ours,transductive,hf_xlsr_stafford,41.05862516212711,0.6487509079118029,59.138240574506284,5570,12.4446320215861,279298,64000,8
9,arabic,source,transductive,hf_xlsr_stafford,40.66686121919585,0.6382636186770427,59.51526032315978,5570,0.611699910958608,0,64000,8
9,arabic,ours,transductive,hf_xlsr_stafford,44.45123216601816,0.601574448767834,56.642728904847395,5570,12.457102970282238,279298,64000,8
1,dataset2,source,transductive,hf_xlsr_stafford,41.174124266756685,0.6482313116803693,58.66876545986058,4447,0.5840953985850016,0,64000,8
1,dataset2,ours,transductive,hf_xlsr_stafford,43.129976067520914,0.6197635812670169,61.41218799190465,4447,10.032217951615651,279298,64000,8
2,dataset2,source,transductive,hf_xlsr_stafford,41.174124266756685,0.6482283772904937,58.66876545986058,4447,0.5846923629442851,0,64000,8
2,dataset2,ours,transductive,hf_xlsr_stafford,42.791984946782314,0.6186439597506943,60.69260175399146,4447,10.024574875831604,279298,64000,8
3,dataset2,source,transductive,hf_xlsr_stafford,41.174124266756685,0.6482308057510804,58.66876545986058,4447,0.5874769210815429,0,64000,8
3,dataset2,ours,transductive,hf_xlsr_stafford,42.23002904843605,0.6281062540550233,61.99685181020913,4447,10.041733447710673,279298,64000,8
4,dataset2,source,transductive,hf_xlsr_stafford,41.174124266756685,0.648230502193507,58.66876545986058,4447,0.5852268298467,0,64000,8
4,dataset2,ours,transductive,hf_xlsr_stafford,43.3099654713379,0.6114674539735889,59.86058016640432,4447,10.026739299297333,279298,64000,8
5,dataset2,source,transductive,hf_xlsr_stafford,41.174124266756685,0.6482266571309114,58.66876545986058,4447,0.5861964623133341,0,64000,8
5,dataset2,ours,transductive,hf_xlsr_stafford,42.791984946782314,0.618192063709854,59.34337755790421,4447,10.029227375984192,279298,64000,8
6,dataset2,source,transductive,hf_xlsr_stafford,41.174124266756685,0.6482266571309114,58.66876545986058,4447,0.5804512619972229,0,64000,8
6,dataset2,ours,transductive,hf_xlsr_stafford,43.26496812038364,0.6105417045607704,59.14099392849111,4447,10.029116368293762,279298,64000,8
7,dataset2,source,transductive,hf_xlsr_stafford,41.174124266756685,0.6482288832197826,58.66876545986058,4447,0.5825506011645,0,64000,8
7,dataset2,ours,transductive,hf_xlsr_stafford,42.38803076535768,0.6221859707022419,59.99550258601304,4447,10.037203081448872,279298,64000,8
8,dataset2,source,transductive,hf_xlsr_stafford,41.174124266756685,0.6482289844056404,58.66876545986058,4447,0.5822596430778504,0,64000,8
8,dataset2,ours,transductive,hf_xlsr_stafford,42.85999196179546,0.6268774529981572,59.50078704744772,4447,10.026797000567118,279298,64000,8
9,dataset2,source,transductive,hf_xlsr_stafford,41.174124266756685,0.6482321211672314,58.66876545986058,4447,0.5826760292053222,0,64000,8
9,dataset2,ours,transductive,hf_xlsr_stafford,42.83800427490012,0.6180252082303768,59.34337755790421,4447,10.025138131777446,279298,64000,8
0,asvspoof2021pa,source,transductive,hf_xlsr_gustking,50.499999999999986,0.5011873333333333,50.1,6000,0.6909759442011515,0,64000,8
0,asvspoof2021pa,ours,transductive,hf_xlsr_gustking,50.69999999999999,0.4719711666666666,49.7,6000,13.43643822669983,279298,64000,8
0,asvspoof2021pa,source,transductive,hf_xlsr_stafford,48.38333333333333,0.5266048888888889,52.15,6000,0.6911309798558553,0,64000,8
0,asvspoof2021pa,ours,transductive,hf_xlsr_stafford,49.85,0.5219672222222222,50.5,6000,13.436920297145843,279298,64000,8
0,dataset2,source,transductive_E16,deepfense_w2v2_aasist_s42,42.91316513005823,0.5854804972354,46.12098043624916,4447,0.5700330098470052,0,64000,16
0,dataset2,ours,transductive_E16,deepfense_w2v2_aasist_s42,43.579949577063346,0.581793588135513,57.76928266246908,4447,24.405468821525574,16706,64000,16
0,dataset2,source,transductive_E32,deepfense_w2v2_aasist_s42,42.91316513005823,0.5854804972354,46.12098043624916,4447,0.5755654374758402,0,64000,16
0,dataset2,ours,transductive_E32,deepfense_w2v2_aasist_s42,43.82385808723921,0.584011986881456,57.836743872273445,4447,47.58317494392395,16706,64000,16
0,dataset2,source,transductive_E16,hf_w2v2_bisher,41.44791296073463,0.622601844577713,51.31549359118507,4447,0.30792301098505653,0,64000,16
0,dataset2,ours,transductive_E16,hf_w2v2_bisher,31.18982224073249,0.7598157365055505,65.97706318866652,4447,14.718770198027293,209666,64000,16
0,dataset2,source,transductive_E32,hf_w2v2_bisher,41.44791296073463,0.622601844577713,51.31549359118507,4447,0.3078053633371989,0,64000,16
0,dataset2,ours,transductive_E32,hf_w2v2_bisher,32.13374463360803,0.7483432839505872,66.02203732853609,4447,28.94158616463343,209666,64000,16
0,dataset2,source,transductive_E16,ssl_aasist_wavefake,33.97761404556845,0.7340157712325368,66.876545986058,4447,0.5824618895848592,0,64600,16
0,dataset2,ours,transductive_E16,ssl_aasist_wavefake,32.76370754696744,0.7397962157298679,67.8210029233191,4447,25.85299200216929,16706,64600,16
0,dataset2,source,transductive_E32,ssl_aasist_wavefake,33.97761404556845,0.7340157712325368,66.876545986058,4447,0.5828816215197246,0,64600,16
0,dataset2,ours,transductive_E32,ssl_aasist_wavefake,32.89869959983017,0.7337290105115917,67.59613222397121,4447,50.683918344974515,16706,64600,16
0,in_the_wild,source,transductive_E16,deepfense_w2v2_aasist_s42,14.499999999999998,0.930743277777778,51.13333333333333,6000,0.6245081106821696,0,64000,16
0,in_the_wild,ours,transductive_E16,deepfense_w2v2_aasist_s42,7.6499999999999995,0.9698097777777778,91.75,6000,32.682702684402464,16706,64000,16
0,in_the_wild,source,transductive_E32,deepfense_w2v2_aasist_s42,14.499999999999998,0.930743277777778,51.13333333333333,6000,0.6236984968185425,0,64000,16
0,in_the_wild,ours,transductive_E32,deepfense_w2v2_aasist_s42,6.78333333333333,0.9733221666666666,93.03333333333333,6000,64.19575913747151,16706,64000,16
0,in_the_wild,source,transductive_E16,ssl_aasist_wavefake,4.566666666666666,0.9862182222222222,80.88333333333333,6000,0.6474288662274679,0,64600,16
0,in_the_wild,ours,transductive_E16,ssl_aasist_wavefake,3.866666666666665,0.9901866666666667,96.15,6000,34.68619037071864,16706,64600,16
0,in_the_wild,source,transductive_E32,ssl_aasist_wavefake,4.566666666666666,0.9862182222222222,80.88333333333333,6000,0.6459051370620728,0,64600,16
0,in_the_wild,ours,transductive_E32,ssl_aasist_wavefake,3.5333333333333328,0.991006888888889,94.38333333333333,6000,67.98409649531047,16706,64600,16
0,in_the_wild,source,transductive_E16,hf_ast_asv19,37.516666666666666,0.687503388888889,52.6,6000,0.7644652485847473,0,163840,16
0,in_the_wild,ours,transductive_E16,hf_ast_asv19,38.11666666666667,0.6828671111111112,61.68333333333334,6000,45.23965232769648,15362,163840,16
0,in_the_wild,source,transductive_E32,hf_ast_asv19,37.516666666666666,0.687503388888889,52.6,6000,0.759965177377065,0,163840,16
0,in_the_wild,ours,transductive_E32,hf_ast_asv19,31.166666666666664,0.7563686666666666,68.21666666666667,6000,88.86349490086238,15362,163840,16
0,dataset2,source,transductive_E16,hf_ast_asv19,41.87720408094707,0.5954835287636991,47.60512705194513,4447,0.663638726870219,0,163840,16
0,dataset2,ours,transductive_E16,hf_ast_asv19,43.984925735651544,0.5775093789171575,56.01529120755565,4447,33.6306459069252,15362,163840,16
0,dataset2,source,transductive_E32,hf_ast_asv19,41.87720408094707,0.5954835287636991,47.60512705194513,4447,0.6661249001820883,0,163840,16
0,dataset2,ours,transductive_E32,hf_ast_asv19,39.959195790992105,0.6168063233875729,60.04047672588262,4447,66.17802600463231,15362,163840,16
0,arabic,source,transductive_E32,ssl_aasist_wavefake,22.386770428015563,0.8578844357976654,59.26391382405745,5570,0.5912964860598247,0,64600,16
0,arabic,ours,transductive_E32,ssl_aasist_wavefake,21.5254215304799,0.8702097276264592,77.75583482944344,5570,63.20610894362132,16706,64600,16
0,dataset2,source,transductive_E32,hf_w2v2_mothecreator,48.97656576008186,0.5271706289024856,50.41601079379356,4447,0.30609658161799114,0,64000,16
0,dataset2,ours,transductive_E32,hf_w2v2_mothecreator,50.57346073037572,0.5228285413734807,51.472903080728585,4447,28.950871010621388,209666,64000,16
0,hf_commercialtts,source,transductive,ssl_aasist_wavefake,43.67631296891747,0.5923107586655317,53.85852090032154,1866,0.24785205523173015,0,64600,16
0,hf_commercialtts,ours,transductive,ssl_aasist_wavefake,42.39013933547696,0.6123931491380132,57.71704180064309,1866,3.05326828956604,16706,64600,16
1,hf_commercialtts,source,transductive,ssl_aasist_wavefake,44.10503751339764,0.5912567533880382,53.85852090032154,1866,0.2380724589029948,0,64600,16
1,hf_commercialtts,ours,transductive,ssl_aasist_wavefake,42.765273311897104,0.6128601280429736,57.77063236870311,1866,3.035753134886424,16706,64600,16
2,hf_commercialtts,source,transductive,ssl_aasist_wavefake,43.72990353697749,0.5909936828610126,53.80493033226153,1866,0.23940582275390626,0,64600,16
2,hf_commercialtts,ours,transductive,ssl_aasist_wavefake,42.87245444801715,0.6091570370217201,59.27116827438371,1866,3.038862653573354,16706,64600,16
0,hf_wavefake,source,transductive,deepfense_w2v2_aasist_s42,21.316666666666666,0.8696396111111111,50.0,6000,0.6502811431884765,0,64000,16
0,hf_wavefake,ours,transductive,deepfense_w2v2_aasist_s42,12.85,0.9443932222222222,87.15,6000,9.098829384644826,16706,64000,16
1,hf_wavefake,source,transductive,deepfense_w2v2_aasist_s42,21.983333333333334,0.8687576666666667,50.0,6000,0.6433396140734354,0,64000,16
1,hf_wavefake,ours,transductive,deepfense_w2v2_aasist_s42,12.516666666666666,0.9463462222222222,86.28333333333333,6000,9.110154831409455,16706,64000,16
2,hf_wavefake,source,transductive,deepfense_w2v2_aasist_s42,20.950000000000003,0.8729429444444444,50.0,6000,0.6403274734814962,0,64000,16
2,hf_wavefake,ours,transductive,deepfense_w2v2_aasist_s42,12.96666666666667,0.9433782777777777,87.23333333333333,6000,9.079087392489116,16706,64000,16
0,hf_commercialtts,source,transductive,deepfense_w2v2_aasist_s42,48.82100750267953,0.5228279737021375,49.839228295819936,1866,0.24058899482091267,0,64000,16
0,hf_commercialtts,ours,transductive,deepfense_w2v2_aasist_s42,60.932475884244376,0.37023213389255927,37.459807073954984,1866,2.880901769797007,16706,64000,16
1,hf_commercialtts,source,transductive,deepfense_w2v2_aasist_s42,47.481243301178985,0.5287953093031617,49.78563772775991,1866,0.24136220216751098,0,64000,16
1,hf_commercialtts,ours,transductive,deepfense_w2v2_aasist_s42,59.86066452304395,0.3866901247459761,38.960342979635584,1866,2.8845887819925946,16706,64000,16
2,hf_commercialtts,source,transductive,deepfense_w2v2_aasist_s42,48.928188638799575,0.519776240710681,49.78563772775991,1866,0.24368209838867189,0,64000,16
2,hf_commercialtts,ours,transductive,deepfense_w2v2_aasist_s42,59.69989281886387,0.37908577822350426,38.263665594855304,1866,2.889226575692495,16706,64000,16
0,hf_wavefake,source,transductive,deepfense_w2v2_aasist_s2,20.599999999999994,0.877341,76.43333333333334,6000,0.6537548502286276,0,64000,16
0,hf_wavefake,ours,transductive,deepfense_w2v2_aasist_s2,21.05,0.8781344444444446,78.5,6000,9.099136443932851,16706,64000,16
1,hf_wavefake,source,transductive,deepfense_w2v2_aasist_s2,20.283333333333335,0.8845917777777778,77.11666666666666,6000,0.641600509484609,0,64000,16
1,hf_wavefake,ours,transductive,deepfense_w2v2_aasist_s2,20.0,0.8890808333333332,79.61666666666667,6000,9.074937323729197,16706,64000,16
2,hf_wavefake,source,transductive,deepfense_w2v2_aasist_s2,20.200000000000003,0.8808582777777778,76.66666666666667,6000,0.6436072627703349,0,64000,16
2,hf_wavefake,ours,transductive,deepfense_w2v2_aasist_s2,19.733333333333334,0.8872760555555556,79.53333333333333,6000,9.082354831695557,16706,64000,16
0,hf_commercialtts,source,transductive,deepfense_w2v2_aasist_s2,32.04715969989282,0.7151440167538016,68.0064308681672,1866,0.24059251149495442,0,64000,16
0,hf_commercialtts,ours,transductive,deepfense_w2v2_aasist_s2,33.38692390139335,0.7004080465117882,62.486602357985,1866,2.889816912015279,16706,64000,16
1,hf_commercialtts,source,transductive,deepfense_w2v2_aasist_s2,31.886387995712752,0.7116298999757608,68.06002143622723,1866,0.24133565823237102,0,64000,16
1,hf_commercialtts,ours,transductive,deepfense_w2v2_aasist_s2,33.54769560557342,0.6884331680239498,62.057877813504824,1866,2.885357407728831,16706,64000,16
2,hf_commercialtts,source,transductive,deepfense_w2v2_aasist_s2,31.832797427652736,0.7135075802221509,68.27438370846731,1866,0.24410490989685057,0,64000,16
2,hf_commercialtts,ours,transductive,deepfense_w2v2_aasist_s2,35.79849946409433,0.6652249482761988,61.41479099678456,1866,2.8891027331352235,16706,64000,16
0,hf_wavefake,source,transductive,deepfense_w2v2_aasist_s240,16.683333333333334,0.9124833333333333,79.95,6000,0.6572511315345764,0,64000,16
0,hf_wavefake,ours,transductive,deepfense_w2v2_aasist_s240,13.916666666666666,0.9327218333333334,86.43333333333332,6000,9.122967465718586,16706,64000,16
1,hf_wavefake,source,transductive,deepfense_w2v2_aasist_s240,15.516666666666667,0.9187887777777777,80.18333333333332,6000,0.6442266424496969,0,64000,16
1,hf_wavefake,ours,transductive,deepfense_w2v2_aasist_s240,13.083333333333336,0.9374282222222222,87.15,6000,9.120974357922872,16706,64000,16
2,hf_wavefake,source,transductive,deepfense_w2v2_aasist_s240,16.099999999999998,0.9148284444444444,80.58333333333333,6000,0.6399731953938802,0,64000,16
2,hf_wavefake,ours,transductive,deepfense_w2v2_aasist_s240,14.966666666666665,0.9241863888888889,86.48333333333333,6000,9.08089102904002,16706,64000,16
0,hf_commercialtts,source,transductive,deepfense_w2v2_aasist_s240,38.478027867095385,0.6823842690717516,62.37942122186495,1866,0.24125199715296428,0,64000,16
0,hf_commercialtts,ours,transductive,deepfense_w2v2_aasist_s240,33.11897106109325,0.7342832591796105,67.36334405144694,1866,2.8880860765775043,16706,64000,16
1,hf_commercialtts,source,transductive,deepfense_w2v2_aasist_s240,38.04930332261522,0.6816277977091038,61.843515541264736,1866,0.24367655118306478,0,64000,16
1,hf_commercialtts,ours,transductive,deepfense_w2v2_aasist_s240,35.155412647374064,0.7117298438004386,65.38049303322614,1866,2.900639339288076,16706,64000,16
2,hf_commercialtts,source,transductive,deepfense_w2v2_aasist_s240,38.10289389067524,0.6829339601074798,61.843515541264736,1866,0.24168153206507365,0,64000,16
2,hf_commercialtts,ours,transductive,deepfense_w2v2_aasist_s240,34.5123258306538,0.724446833906,66.61307609860665,1866,2.8930666486422223,16706,64000,16
0,hf_wavefake,source,transductive,hf_xlsr_gustking,21.816666666666666,0.857501,50.06666666666667,6000,0.702174429098765,0,64000,8
0,hf_wavefake,ours,transductive,hf_xlsr_gustking,19.2,0.8915972222222224,52.416666666666664,6000,13.410412093003591,279298,64000,8
1,hf_wavefake,source,transductive,hf_xlsr_gustking,20.916666666666668,0.8687909444444444,50.1,6000,0.6629049380620321,0,64000,8
1,hf_wavefake,ours,transductive,hf_xlsr_gustking,18.266666666666666,0.900081388888889,52.33333333333333,6000,13.353279785315197,279298,64000,8
2,hf_wavefake,source,transductive,hf_xlsr_gustking,21.4,0.8646977222222223,50.11666666666667,6000,0.6661858558654785,0,64000,8
2,hf_wavefake,ours,transductive,hf_xlsr_gustking,17.8,0.9035242777777777,52.65,6000,13.397848614056905,279298,64000,8
0,hf_commercialtts,source,transductive,hf_xlsr_gustking,26.848874598070736,0.809019413226359,72.34726688102894,1866,0.23152525027592977,0,64000,8
0,hf_commercialtts,ours,transductive,hf_xlsr_gustking,26.527331189710612,0.8167765474348326,59.80707395498393,1866,4.198749581972758,279298,64000,8
1,hf_commercialtts,source,transductive,hf_xlsr_gustking,26.848874598070736,0.809015966887577,72.34726688102894,1866,0.23391828139623005,0,64000,8
1,hf_commercialtts,ours,transductive,hf_xlsr_gustking,26.366559485530544,0.8181636987945855,58.78885316184351,1866,4.192585142453511,279298,64000,8
2,hf_commercialtts,source,transductive,hf_xlsr_gustking,26.848874598070736,0.8090148181079829,72.34726688102894,1866,0.2312172571818034,0,64000,8
2,hf_commercialtts,ours,transductive,hf_xlsr_gustking,26.580921757770636,0.8181430207618935,58.467309753483384,1866,4.182314960161845,279298,64000,8
0,hf_wavefake,source,transductive,hf_xlsr_stafford,55.3,0.4231176111111111,50.0,6000,0.6883590261141459,0,64000,8
0,hf_wavefake,ours,transductive,hf_xlsr_stafford,54.516666666666666,0.43257427777777774,46.2,6000,13.395220919450123,279298,64000,8
1,hf_wavefake,source,transductive,hf_xlsr_stafford,55.68333333333333,0.4195762777777778,50.0,6000,0.6692828019460042,0,64000,8
1,hf_wavefake,ours,transductive,hf_xlsr_stafford,53.69999999999999,0.4469066666666667,46.68333333333333,6000,13.400831576188406,279298,64000,8
2,hf_wavefake,source,transductive,hf_xlsr_stafford,55.58333333333333,0.422717,50.0,6000,0.6680123329162597,0,64000,8
2,hf_wavefake,ours,transductive,hf_xlsr_stafford,53.900000000000006,0.44105105555555557,46.916666666666664,6000,13.386798524856568,279298,64000,8
0,hf_wavefake,source,transductive,hf_w2v2_mothecreator,64.55,0.3395978888888889,50.0,6000,0.29762961467107135,0,64000,16
0,hf_wavefake,ours,transductive,hf_w2v2_mothecreator,32.56666666666666,0.7349742222222223,54.98333333333333,6000,5.3217018683751425,209666,64000,16
1,hf_wavefake,source,transductive,hf_w2v2_mothecreator,65.45,0.331124,50.0,6000,0.2936165928840637,0,64000,16
1,hf_wavefake,ours,transductive,hf_w2v2_mothecreator,31.983333333333334,0.7418483888888889,53.36666666666666,6000,5.319632411003113,209666,64000,16
2,hf_wavefake,source,transductive,hf_w2v2_mothecreator,64.58333333333333,0.3400861111111111,50.0,6000,0.2923945943514506,0,64000,16
2,hf_wavefake,ours,transductive,hf_w2v2_mothecreator,67.76666666666667,0.26003794444444445,43.56666666666666,6000,5.318009173870086,209666,64000,16
0,hf_commercialtts,source,transductive,hf_w2v2_mothecreator,22.132904608788856,0.8497287156988774,78.13504823151125,1866,0.11510343154271443,0,64000,16
0,hf_commercialtts,ours,transductive,hf_w2v2_mothecreator,22.186495176848876,0.8365453210781526,78.13504823151125,1866,1.6764326691627502,209666,64000,16
1,hf_commercialtts,source,transductive,hf_w2v2_mothecreator,22.132904608788856,0.8497338852070503,78.13504823151125,1866,0.1136586586634318,0,64000,16
1,hf_commercialtts,ours,transductive,hf_w2v2_mothecreator,25.13397642015005,0.7528515581472024,74.06216505894963,1866,1.6754003206888834,209666,64000,16
2,hf_commercialtts,source,transductive,hf_w2v2_mothecreator,22.132904608788856,0.8497367571560352,78.13504823151125,1866,0.11374568939208984,0,64000,16
2,hf_commercialtts,ours,transductive,hf_w2v2_mothecreator,22.45444801714898,0.7714238778433731,74.97320471596998,1866,1.6745031515757243,209666,64000,16
0,hf_wavefake,source,transductive,hf_w2v2_bisher,51.35000000000001,0.4773933888888888,50.0,6000,0.29713487227757773,0,64000,16
0,hf_wavefake,ours,transductive,hf_w2v2_bisher,49.449999999999996,0.5071772222222222,51.28333333333334,6000,5.319584508736928,209666,64000,16
1,hf_wavefake,source,transductive,hf_w2v2_bisher,51.483333333333334,0.47481888888888885,50.0,6000,0.29311989148457845,0,64000,16
1,hf_wavefake,ours,transductive,hf_w2v2_bisher,49.5,0.5128092222222222,51.233333333333334,6000,5.304044671853384,209666,64000,16
2,hf_wavefake,source,transductive,hf_w2v2_bisher,51.11666666666667,0.47780466666666677,50.0,6000,0.28998917738596597,0,64000,16
2,hf_wavefake,ours,transductive,hf_w2v2_bisher,47.416666666666664,0.5361732777777778,53.75,6000,5.303294948736826,209666,64000,16
0,hf_commercialtts,source,transductive,hf_w2v2_bisher,39.71061093247588,0.5740859447965454,48.87459807073955,1866,0.11587526003519694,0,64000,16
0,hf_commercialtts,ours,transductive,hf_w2v2_bisher,47.2668810289389,0.5350940678170546,46.730975348338696,1866,1.6731127619743347,209666,64000,16
1,hf_commercialtts,source,transductive,hf_w2v2_bisher,39.71061093247588,0.5738090889143918,48.87459807073955,1866,0.11356458266576132,0,64000,16
1,hf_commercialtts,ours,transductive,hf_w2v2_bisher,49.35691318327974,0.5081235948989591,45.39121114683816,1866,1.6735307574272156,209666,64000,16
2,hf_commercialtts,source,transductive,hf_w2v2_bisher,39.71061093247588,0.5740859447965454,48.87459807073955,1866,0.11324770450592041,0,64000,16
2,hf_commercialtts,ours,transductive,hf_w2v2_bisher,46.14147909967846,0.5587922420616458,46.463022508038584,1866,1.6711001793543498,209666,64000,16
0,hf_wavefake,source,transductive,hf_ast_asv19,20.566666666666666,0.8736957777777777,50.0,6000,0.7817428310712179,0,163840,16
0,hf_wavefake,ours,transductive,hf_ast_asv19,18.233333333333334,0.897437,81.68333333333334,6000,12.38885414203008,15362,163840,16
1,hf_wavefake,source,transductive,hf_ast_asv19,20.433333333333334,0.8789481666666666,50.0,6000,0.7901649991671245,0,163840,16
1,hf_wavefake,ours,transductive,hf_ast_asv19,18.133333333333333,0.9024959444444445,81.88333333333333,6000,12.4417333761851,15362,163840,16
2,hf_wavefake,source,transductive,hf_ast_asv19,19.316666666666666,0.886817,50.0,6000,0.7778389573097229,0,163840,16
2,hf_wavefake,ours,transductive,hf_ast_asv19,16.800000000000004,0.910361388888889,82.95,6000,12.430895312627156,15362,163840,16
0,hf_commercialtts,source,transductive,hf_ast_asv19,37.19185423365487,0.6680406070610887,51.661307609860664,1866,0.2629308859507243,0,163840,16
0,hf_commercialtts,ours,transductive,hf_ast_asv19,40.5144694533762,0.6141203392575897,62.37942122186495,1866,3.887788943449656,15362,163840,16
1,hf_commercialtts,source,transductive,hf_ast_asv19,37.19185423365487,0.6680406070610887,51.661307609860664,1866,0.26255884567896526,0,163840,16
1,hf_commercialtts,ours,transductive,hf_ast_asv19,41.10396570203644,0.6094195331589485,61.468381564844584,1866,3.8928884704907736,15362,163840,16
2,hf_commercialtts,source,transductive,hf_ast_asv19,37.19185423365487,0.6680406070610887,51.661307609860664,1866,0.26172629197438557,0,163840,16
2,hf_commercialtts,ours,transductive,hf_ast_asv19,41.050375133976424,0.6094499758181896,61.521972132904615,1866,3.8887067317962645,15362,163840,16
1,in_the_wild,source,transductive_E32,hf_ast_asv19,38.23333333333333,0.6799382222222222,52.583333333333336,6000,0.7406394044558208,0,163840,16
1,in_the_wild,ours,transductive_E32,hf_ast_asv19,30.766666666666666,0.7554831111111111,68.85,6000,88.01884219646453,15362,163840,16
2,in_the_wild,source,transductive_E32,hf_ast_asv19,38.85,0.6759082222222222,52.28333333333334,6000,0.7511812726656596,0,163840,16
2,in_the_wild,ours,transductive_E32,hf_ast_asv19,31.033333333333335,0.7547902777777779,68.38333333333333,6000,88.06254266500473,15362,163840,16
3,in_the_wild,source,transductive_E32,hf_ast_asv19,37.73333333333333,0.6812880555555556,52.43333333333333,6000,0.7556235154469808,0,163840,16
3,in_the_wild,ours,transductive_E32,hf_ast_asv19,30.900000000000006,0.7582895000000001,68.81666666666668,6000,88.54327037731807,15362,163840,16
4,in_the_wild,source,transductive_E32,hf_ast_asv19,38.28333333333334,0.6768501666666666,52.5,6000,0.7565327525138855,0,163840,16
4,in_the_wild,ours,transductive_E32,hf_ast_asv19,31.95,0.7445311111111111,67.75,6000,88.75240633885066,15362,163840,16
5,in_the_wild,source,transductive_E32,hf_ast_asv19,38.4,0.681602,52.349999999999994,6000,0.755987270673116,0,163840,16
5,in_the_wild,ours,transductive_E32,hf_ast_asv19,29.75,0.7708700555555554,70.0,6000,88.42615469296773,15362,163840,16
1,dataset2,source,transductive_E32,hf_ast_asv19,41.87720408094707,0.5954835287636991,47.60512705194513,4447,0.6635905583699544,0,163840,16
1,dataset2,ours,transductive_E32,hf_ast_asv19,39.98220545505101,0.616991594693166,59.635709467056444,4447,65.73436559041342,15362,163840,16
2,dataset2,source,transductive_E32,hf_ast_asv19,41.87720408094707,0.5954835287636991,47.60512705194513,4447,0.6582860589027405,0,163840,16
2,dataset2,ours,transductive_E32,hf_ast_asv19,39.959195790992105,0.616970548034748,59.65819653699123,4447,65.69097176392873,15362,163840,16
3,dataset2,source,transductive_E32,hf_ast_asv19,41.87720408094707,0.5954835287636991,47.60512705194513,4447,0.6613351702690125,0,163840,16
3,dataset2,ours,transductive_E32,hf_ast_asv19,40.161172881704424,0.6163202265268035,59.56824825725208,4447,65.8949882586797,15362,163840,16
4,dataset2,source,transductive_E32,hf_ast_asv19,41.87720408094707,0.5954835287636991,47.60512705194513,4447,0.6659750064214071,0,163840,16
4,dataset2,ours,transductive_E32,hf_ast_asv19,40.0491904929006,0.6153150462156287,59.973015516078256,4447,65.838092537721,15362,163840,16
5,dataset2,source,transductive_E32,hf_ast_asv19,41.87720408094707,0.5954835287636991,47.60512705194513,4447,0.6619036674499512,0,163840,16
5,dataset2,ours,transductive_E32,hf_ast_asv19,40.00317116478279,0.6177686008950496,59.680683606926024,4447,66.04714964230855,15362,163840,16
3,hf_commercialtts,source,transductive,ssl_aasist_wavefake,43.837084673097536,0.5921970294857258,53.85852090032154,1866,0.2373320937156677,0,64600,16
3,hf_commercialtts,ours,transductive,ssl_aasist_wavefake,43.08681672025724,0.6090927053644561,58.038585209003216,1866,3.0323525508244833,16706,64600,16
4,hf_commercialtts,source,transductive,ssl_aasist_wavefake,44.158628081457664,0.591356697212716,53.91211146838156,1866,0.23997450669606527,0,64600,16
4,hf_commercialtts,ours,transductive,ssl_aasist_wavefake,42.658092175777064,0.6117377703796372,57.77063236870311,1866,3.0341944813728334,16706,64600,16
5,hf_commercialtts,source,transductive,ssl_aasist_wavefake,44.21221864951769,0.591410689853634,54.340836012861736,1866,0.2379858414332072,0,64600,16
5,hf_commercialtts,ours,transductive,ssl_aasist_wavefake,42.71168274383708,0.6122099187927705,58.14576634512326,1866,3.040678981939952,16706,64600,16
6,hf_commercialtts,source,transductive,ssl_aasist_wavefake,44.21221864951769,0.5909304999833427,53.483386923901385,1866,0.2396686355272929,0,64600,16
6,hf_commercialtts,ours,transductive,ssl_aasist_wavefake,42.497320471597,0.6120783835292577,58.09217577706324,1866,3.0442912181218467,16706,64600,16
7,hf_commercialtts,source,transductive,ssl_aasist_wavefake,44.051446945337624,0.5908408951750108,53.80493033226153,1866,0.23846888144810993,0,64600,16
7,hf_commercialtts,ours,transductive,ssl_aasist_wavefake,42.658092175777064,0.613278858204986,57.77063236870311,1866,3.0324431459108987,16706,64600,16
8,hf_commercialtts,source,transductive,ssl_aasist_wavefake,43.944265809217576,0.591382544753581,54.28724544480171,1866,0.23776414394378662,0,64600,16
8,hf_commercialtts,ours,transductive,ssl_aasist_wavefake,42.658092175777064,0.6126602403936179,57.71704180064309,1866,3.0332733472188314,16706,64600,16
9,hf_commercialtts,source,transductive,ssl_aasist_wavefake,43.72990353697749,0.5911453217674204,53.64415862808146,1866,0.23942575057347615,0,64600,16
9,hf_commercialtts,ours,transductive,ssl_aasist_wavefake,42.87245444801715,0.6121375456783487,58.038585209003216,1866,3.040866998831431,16706,64600,16
3,hf_wavefake,source,transductive,deepfense_w2v2_aasist_s42,21.749999999999996,0.8694157222222222,50.0,6000,0.638861358165741,0,64000,16
3,hf_wavefake,ours,transductive,deepfense_w2v2_aasist_s42,11.983333333333334,0.9492042222222223,87.61666666666666,6000,9.057269903024038,16706,64000,16
4,hf_wavefake,source,transductive,deepfense_w2v2_aasist_s42,21.583333333333336,0.8691287777777778,50.0,6000,0.6390024304389954,0,64000,16
4,hf_wavefake,ours,transductive,deepfense_w2v2_aasist_s42,13.149999999999999,0.9458306111111111,87.58333333333333,6000,9.083239285151164,16706,64000,16
5,hf_wavefake,source,transductive,deepfense_w2v2_aasist_s42,21.266666666666666,0.8701456666666666,50.0,6000,0.6399558583895365,0,64000,16
5,hf_wavefake,ours,transductive,deepfense_w2v2_aasist_s42,13.100000000000001,0.9453444444444444,86.8,6000,9.127676550547282,16706,64000,16
6,hf_wavefake,source,transductive,deepfense_w2v2_aasist_s42,21.1,0.87176,50.0,6000,0.6425220568974813,0,64000,16
6,hf_wavefake,ours,transductive,deepfense_w2v2_aasist_s42,12.616666666666665,0.945456111111111,86.98333333333333,6000,9.079237532615661,16706,64000,16
7,hf_wavefake,source,transductive,deepfense_w2v2_aasist_s42,21.4,0.8662186666666666,50.0,6000,0.6396577795346577,0,64000,16
7,hf_wavefake,ours,transductive,deepfense_w2v2_aasist_s42,13.783333333333337,0.9393715,86.4,6000,9.09000957806905,16706,64000,16
8,hf_wavefake,source,transductive,deepfense_w2v2_aasist_s42,20.733333333333338,0.8684261666666666,50.0,6000,0.6396867195765178,0,64000,16
8,hf_wavefake,ours,transductive,deepfense_w2v2_aasist_s42,13.8,0.9429564444444445,86.35000000000001,6000,9.08489013115565,16706,64000,16
9,hf_wavefake,source,transductive,deepfense_w2v2_aasist_s42,21.433333333333334,0.8678463333333334,50.0,6000,0.643380335966746,0,64000,16
9,hf_wavefake,ours,transductive,deepfense_w2v2_aasist_s42,13.066666666666668,0.9438265555555555,85.91666666666666,6000,9.08794090350469,16706,64000,16
3,hf_commercialtts,source,transductive,deepfense_w2v2_aasist_s42,47.58842443729904,0.5283731328023673,50.0,1866,0.24014155467351278,0,64000,16
3,hf_commercialtts,ours,transductive,deepfense_w2v2_aasist_s42,60.557341907824224,0.3761517951404325,38.531618435155416,1866,2.8864395459493,16706,64000,16
4,hf_commercialtts,source,transductive,deepfense_w2v2_aasist_s42,47.90996784565916,0.5261651784227026,49.839228295819936,1866,0.24028406540552774,0,64000,16
4,hf_commercialtts,ours,transductive,deepfense_w2v2_aasist_s42,60.075026795284025,0.37584736854802303,38.263665594855304,1866,2.8805886069933573,16706,64000,16
5,hf_commercialtts,source,transductive,deepfense_w2v2_aasist_s42,47.963558413719184,0.5283053548063215,49.89281886387996,1866,0.24082296689351398,0,64000,16
5,hf_commercialtts,ours,transductive,deepfense_w2v2_aasist_s42,60.342979635584136,0.3810519144986324,39.067524115755624,1866,2.884164230028788,16706,64000,16
6,hf_commercialtts,source,transductive,deepfense_w2v2_aasist_s42,48.553054662379424,0.5261071650532058,49.732047159699896,1866,0.2425083637237549,0,64000,16
6,hf_commercialtts,ours,transductive,deepfense_w2v2_aasist_s42,60.66452304394427,0.37259172717863176,37.88853161843516,1866,2.8807048320770265,16706,64000,16
7,hf_commercialtts,source,transductive,deepfense_w2v2_aasist_s42,47.963558413719184,0.5240956519841147,49.94640943193998,1866,0.24036166270573933,0,64000,16
7,hf_commercialtts,ours,transductive,deepfense_w2v2_aasist_s42,61.20042872454447,0.3672499020665396,37.29903536977492,1866,2.876257308324178,16706,64000,16
8,hf_commercialtts,source,transductive,deepfense_w2v2_aasist_s42,47.642015005359056,0.5253472473517758,49.89281886387996,1866,0.2401316523551941,0,64000,16
8,hf_commercialtts,ours,transductive,deepfense_w2v2_aasist_s42,61.20042872454447,0.36940731014406847,37.62057877813505,1866,2.8845551371574403,16706,64000,16
9,hf_commercialtts,source,transductive,deepfense_w2v2_aasist_s42,48.39228295819936,0.5269980436283515,49.839228295819936,1866,0.24044271310170492,0,64000,16
9,hf_commercialtts,ours,transductive,deepfense_w2v2_aasist_s42,60.235798499464096,0.3734004680128066,38.638799571275456,1866,2.884937250614166,16706,64000,16
3,hf_wavefake,source,transductive,deepfense_w2v2_aasist_s2,19.35,0.8848834444444443,77.03333333333333,6000,0.6390011548995972,0,64000,16
3,hf_wavefake,ours,transductive,deepfense_w2v2_aasist_s2,19.799999999999997,0.888123611111111,80.08333333333333,6000,9.07356067498525,16706,64000,16
4,hf_wavefake,source,transductive,deepfense_w2v2_aasist_s2,20.016666666666666,0.8830769999999999,76.44999999999999,6000,0.6423820296923319,0,64000,16
4,hf_wavefake,ours,transductive,deepfense_w2v2_aasist_s2,19.5,0.8870023333333334,78.98333333333333,6000,9.084939459959665,16706,64000,16
5,hf_wavefake,source,transductive,deepfense_w2v2_aasist_s2,20.116666666666667,0.8822329999999999,76.18333333333334,6000,0.6426264484723408,0,64000,16
5,hf_wavefake,ours,transductive,deepfense_w2v2_aasist_s2,20.383333333333333,0.8836172777777779,79.26666666666667,6000,9.085008096694946,16706,64000,16
6,hf_wavefake,source,transductive,deepfense_w2v2_aasist_s2,20.0,0.8828380000000001,76.51666666666667,6000,0.6399342775344848,0,64000,16
6,hf_wavefake,ours,transductive,deepfense_w2v2_aasist_s2,19.2,0.8897772222222222,80.0,6000,9.069181521733602,16706,64000,16
7,hf_wavefake,source,transductive,deepfense_w2v2_aasist_s2,20.333333333333332,0.882593,76.2,6000,0.6418111324310303,0,64000,16
7,hf_wavefake,ours,transductive,deepfense_w2v2_aasist_s2,20.05,0.8850320555555556,79.4,6000,9.096489946047464,16706,64000,16
8,hf_wavefake,source,transductive,deepfense_w2v2_aasist_s2,19.683333333333334,0.8822218333333333,76.64999999999999,6000,0.6448027650515239,0,64000,16
8,hf_wavefake,ours,transductive,deepfense_w2v2_aasist_s2,19.18333333333333,0.8875882777777777,79.51666666666667,6000,9.080597269535065,16706,64000,16
9,hf_wavefake,source,transductive,deepfense_w2v2_aasist_s2,20.0,0.882651888888889,76.26666666666667,6000,0.638367235660553,0,64000,16
9,hf_wavefake,ours,transductive,deepfense_w2v2_aasist_s2,19.7,0.8867747222222222,79.16666666666666,6000,9.073038947582244,16706,64000,16
3,hf_commercialtts,source,transductive,deepfense_w2v2_aasist_s2,32.154340836012864,0.7164059511378087,68.06002143622723,1866,0.23968416055043537,0,64000,16
3,hf_commercialtts,ours,transductive,deepfense_w2v2_aasist_s2,33.81564844587353,0.6910828281575069,65.27331189710611,1866,2.872961902618408,16706,64000,16
4,hf_commercialtts,source,transductive,deepfense_w2v2_aasist_s2,31.9935691318328,0.7175271600215511,68.54233654876741,1866,0.24012893040974934,0,64000,16
4,hf_commercialtts,ours,transductive,deepfense_w2v2_aasist_s2,33.60128617363344,0.683429084112493,63.61200428724545,1866,2.874421751499176,16706,64000,16
5,hf_commercialtts,source,transductive,deepfense_w2v2_aasist_s2,32.154340836012864,0.7116884877350547,67.89924973204717,1866,0.2396327495574951,0,64000,16
5,hf_commercialtts,ours,transductive,deepfense_w2v2_aasist_s2,34.941050375133976,0.6691796220285379,64.46945337620579,1866,2.8620176911354065,16706,64000,16
6,hf_commercialtts,source,transductive,deepfense_w2v2_aasist_s2,31.886387995712752,0.7118969912313653,68.11361200428725,1866,0.23946056763331094,0,64000,16
6,hf_commercialtts,ours,transductive,deepfense_w2v2_aasist_s2,34.88745980707396,0.6740487243376998,62.80814576634513,1866,2.8747871001561482,16706,64000,16
7,hf_commercialtts,source,transductive,deepfense_w2v2_aasist_s2,31.72561629153269,0.7163496609377028,68.43515541264738,1866,0.23957086404164632,0,64000,16
7,hf_commercialtts,ours,transductive,deepfense_w2v2_aasist_s2,33.17256162915327,0.6988411111455746,62.86173633440515,1866,2.870385440190633,16706,64000,16
8,hf_commercialtts,source,transductive,deepfense_w2v2_aasist_s2,32.36870310825295,0.7124328969119657,68.06002143622723,1866,0.24079128901163738,0,64000,16
8,hf_commercialtts,ours,transductive,deepfense_w2v2_aasist_s2,35.20900321543409,0.6692824378022009,63.77277599142551,1866,2.873850464820862,16706,64000,16
9,hf_commercialtts,source,transductive,deepfense_w2v2_aasist_s2,31.939978563772776,0.7140486554109242,68.06002143622723,1866,0.243004576365153,0,64000,16
9,hf_commercialtts,ours,transductive,deepfense_w2v2_aasist_s2,34.137191854233656,0.6834899694309751,65.21972132904608,1866,2.8771137475967405,16706,64000,16
3,hf_wavefake,source,transductive,deepfense_w2v2_aasist_s240,15.816666666666668,0.9191420555555555,80.43333333333334,6000,0.6382573405901592,0,64000,16
3,hf_wavefake,ours,transductive,deepfense_w2v2_aasist_s240,13.466666666666669,0.937951611111111,86.66666666666667,6000,9.034653170903523,16706,64000,16
4,hf_wavefake,source,transductive,deepfense_w2v2_aasist_s240,15.516666666666664,0.9208329444444444,81.03333333333333,6000,0.6380359371503194,0,64000,16
4,hf_wavefake,ours,transductive,deepfense_w2v2_aasist_s240,13.15,0.9374295555555555,86.86666666666667,6000,9.059427078564962,16706,64000,16
5,hf_wavefake,source,transductive,deepfense_w2v2_aasist_s240,15.816666666666668,0.917957,80.0,6000,0.641039232412974,0,64000,16
5,hf_wavefake,ours,transductive,deepfense_w2v2_aasist_s240,14.283333333333337,0.9291221666666666,86.08333333333333,6000,9.062665915489196,16706,64000,16
6,hf_wavefake,source,transductive,deepfense_w2v2_aasist_s240,16.15,0.9171506666666668,80.08333333333333,6000,0.6433150291442871,0,64000,16
6,hf_wavefake,ours,transductive,deepfense_w2v2_aasist_s240,14.766666666666664,0.9288396666666666,86.1,6000,9.07601483265559,16706,64000,16
7,hf_wavefake,source,transductive,deepfense_w2v2_aasist_s240,15.416666666666668,0.9222996666666667,80.63333333333334,6000,0.6410789688428243,0,64000,16
7,hf_wavefake,ours,transductive,deepfense_w2v2_aasist_s240,13.13333333333333,0.9391187777777777,87.21666666666667,6000,9.080401714642843,16706,64000,16
8,hf_wavefake,source,transductive,deepfense_w2v2_aasist_s240,15.650000000000002,0.9220035555555555,80.16666666666666,6000,0.6396891355514527,0,64000,16
8,hf_wavefake,ours,transductive,deepfense_w2v2_aasist_s240,12.93333333333333,0.9406863333333334,87.08333333333333,6000,9.097502144177755,16706,64000,16
9,hf_wavefake,source,transductive,deepfense_w2v2_aasist_s240,15.916666666666668,0.9168152222222222,80.36666666666666,6000,0.6433329741160075,0,64000,16
9,hf_wavefake,ours,transductive,deepfense_w2v2_aasist_s240,13.433333333333335,0.9378424444444444,87.26666666666667,6000,9.08730693658193,16706,64000,16
3,hf_commercialtts,source,transductive,deepfense_w2v2_aasist_s240,38.156484458735264,0.6837518911784066,61.843515541264736,1866,0.24263371229171754,0,64000,16
3,hf_commercialtts,ours,transductive,deepfense_w2v2_aasist_s240,32.475884244372985,0.7322734692799105,67.84565916398714,1866,2.8849772930145265,16706,64000,16
4,hf_commercialtts,source,transductive,deepfense_w2v2_aasist_s240,38.42443729903537,0.6825278665210014,61.89710610932476,1866,0.24021230141321817,0,64000,16
4,hf_commercialtts,ours,transductive,deepfense_w2v2_aasist_s240,33.333333333333336,0.730518708450078,66.2379421221865,1866,2.88239000638326,16706,64000,16
5,hf_commercialtts,source,transductive,deepfense_w2v2_aasist_s240,38.37084673097535,0.6799695343651673,61.7363344051447,1866,0.2401011308034261,0,64000,16
5,hf_commercialtts,ours,transductive,deepfense_w2v2_aasist_s240,35.10182207931404,0.7177557671607567,65.80921757770632,1866,2.884291736284892,16706,64000,16
6,hf_commercialtts,source,transductive,deepfense_w2v2_aasist_s240,38.63879957127545,0.6822142496918399,61.68274383708467,1866,0.24034652312596638,0,64000,16
6,hf_commercialtts,ours,transductive,deepfense_w2v2_aasist_s240,36.12004287245445,0.7077826371154605,64.46945337620579,1866,2.8793638666470844,16706,64000,16
7,hf_commercialtts,source,transductive,deepfense_w2v2_aasist_s240,37.78135048231511,0.6848937780948409,62.80814576634513,1866,0.2394460121790568,0,64000,16
7,hf_commercialtts,ours,transductive,deepfense_w2v2_aasist_s240,33.17256162915327,0.7314377321252767,67.14898177920686,1866,2.885666569073995,16706,64000,16
8,hf_commercialtts,source,transductive,deepfense_w2v2_aasist_s240,37.88853161843516,0.6816800671806307,61.36120042872455,1866,0.24023301601409913,0,64000,16
8,hf_commercialtts,ours,transductive,deepfense_w2v2_aasist_s240,33.654876741693464,0.731244737153485,67.57770632368702,1866,2.8824514349301658,16706,64000,16
9,hf_commercialtts,source,transductive,deepfense_w2v2_aasist_s240,39.22829581993569,0.6810597261998714,62.0042872454448,1866,0.24204554557800292,0,64000,16
9,hf_commercialtts,ours,transductive,deepfense_w2v2_aasist_s240,33.11897106109325,0.7297283480894072,67.20257234726688,1866,2.8844680110613505,16706,64000,16
3,hf_wavefake,source,transductive,hf_xlsr_gustking,21.366666666666667,0.8623771666666666,50.05,6000,0.6636652986208598,0,64000,8
3,hf_wavefake,ours,transductive,hf_xlsr_gustking,17.233333333333334,0.9043704444444445,51.05,6000,13.381652494271597,279298,64000,8
4,hf_wavefake,source,transductive,hf_xlsr_gustking,21.616666666666667,0.8627334444444444,50.1,6000,0.6610214988390605,0,64000,8
4,hf_wavefake,ours,transductive,hf_xlsr_gustking,18.85,0.8927072222222222,51.483333333333334,6000,13.351188782850901,279298,64000,8
5,hf_wavefake,source,transductive,hf_xlsr_gustking,22.016666666666666,0.8553707777777778,50.083333333333336,6000,0.6667531967163086,0,64000,8
5,hf_wavefake,ours,transductive,hf_xlsr_gustking,19.799999999999997,0.8888091111111112,52.900000000000006,6000,13.363716753323873,279298,64000,8
6,hf_wavefake,source,transductive,hf_xlsr_gustking,21.650000000000002,0.8586267222222222,50.05,6000,0.6645915587743123,0,64000,8
6,hf_wavefake,ours,transductive,hf_xlsr_gustking,18.03333333333333,0.9020194444444446,53.016666666666666,6000,13.370687894026439,279298,64000,8
7,hf_wavefake,source,transductive,hf_xlsr_gustking,22.049999999999997,0.8587154444444445,50.083333333333336,6000,0.6605296929677328,0,64000,8
7,hf_wavefake,ours,transductive,hf_xlsr_gustking,18.46666666666667,0.9002238888888889,51.76666666666667,6000,13.352021368344625,279298,64000,8
8,hf_wavefake,source,transductive,hf_xlsr_gustking,21.433333333333334,0.8673393333333332,50.13333333333333,6000,0.6615858952204386,0,64000,8
8,hf_wavefake,ours,transductive,hf_xlsr_gustking,18.366666666666667,0.9012498333333333,52.483333333333334,6000,13.381619107723235,279298,64000,8
9,hf_wavefake,source,transductive,hf_xlsr_gustking,21.500000000000004,0.8634017222222222,50.11666666666667,6000,0.6688757975896199,0,64000,8
9,hf_wavefake,ours,transductive,hf_xlsr_gustking,18.55,0.8977935555555554,52.63333333333333,6000,13.40201454559962,279298,64000,8
3,hf_commercialtts,source,transductive,hf_xlsr_gustking,26.848874598070736,0.809015966887577,72.34726688102894,1866,0.23367249965667725,0,64000,8
3,hf_commercialtts,ours,transductive,hf_xlsr_gustking,26.580921757770632,0.8170218118781514,59.32475884244373,1866,4.19265544017156,279298,64000,8
4,hf_commercialtts,source,transductive,hf_xlsr_gustking,26.848874598070736,0.809014818107983,72.34726688102894,1866,0.23089295625686646,0,64000,8
4,hf_commercialtts,ours,transductive,hf_xlsr_gustking,26.473740621650588,0.8170838459762272,59.753483386923904,1866,4.185210220019022,279298,64000,8
5,hf_commercialtts,source,transductive,hf_xlsr_gustking,26.848874598070736,0.80901539249778,72.34726688102894,1866,0.2315058708190918,0,64000,8
5,hf_commercialtts,ours,transductive,hf_xlsr_gustking,26.473740621650588,0.8196289671667304,56.64523043944266,1866,4.17368776400884,279298,64000,8
6,hf_commercialtts,source,transductive,hf_xlsr_gustking,26.848874598070736,0.809015966887577,72.34726688102894,1866,0.2309956749280294,0,64000,8
6,hf_commercialtts,ours,transductive,hf_xlsr_gustking,26.580921757770636,0.8173210689623878,58.41371918542336,1866,4.185060369968414,279298,64000,8
7,hf_commercialtts,source,transductive,hf_xlsr_gustking,26.848874598070736,0.809011371769201,72.34726688102894,1866,0.23313300212224325,0,64000,8
7,hf_commercialtts,ours,transductive,hf_xlsr_gustking,26.688102893890676,0.8173342799277189,58.2529474812433,1866,4.189892848332723,279298,64000,8
8,hf_commercialtts,source,transductive,hf_xlsr_gustking,26.848874598070736,0.809015966887577,72.34726688102894,1866,0.23373257319132487,0,64000,8
8,hf_commercialtts,ours,transductive,hf_xlsr_gustking,26.366559485530544,0.8203027263986105,56.055734190782424,1866,4.188189021746317,279298,64000,8
9,hf_commercialtts,source,transductive,hf_xlsr_gustking,26.848874598070736,0.8090142437181861,72.34726688102894,1866,0.23155418237050374,0,64000,8
9,hf_commercialtts,ours,transductive,hf_xlsr_gustking,26.634512325830656,0.8182561755519023,58.30653804930333,1866,4.172139978408813,279298,64000,8
3,hf_wavefake,source,transductive,hf_xlsr_stafford,55.51666666666666,0.4283012222222222,50.0,6000,0.6607275287310282,0,64000,8
3,hf_wavefake,ours,transductive,hf_xlsr_stafford,52.05,0.4693922777777778,47.583333333333336,6000,13.601711948712667,279298,64000,8
4,hf_wavefake,source,transductive,hf_xlsr_stafford,55.78333333333334,0.4273787222222222,50.0,6000,0.6848493576049804,0,64000,8
4,hf_wavefake,ours,transductive,hf_xlsr_stafford,52.65,0.45681394444444445,47.483333333333334,6000,13.514801037311553,279298,64000,8
5,hf_wavefake,source,transductive,hf_xlsr_stafford,55.35,0.4235392777777778,50.0,6000,0.6776107947031657,0,64000,8
5,hf_wavefake,ours,transductive,hf_xlsr_stafford,53.76666666666667,0.44404605555555554,47.483333333333334,6000,13.613302747408548,279298,64000,8
6,hf_wavefake,source,transductive,hf_xlsr_stafford,55.316666666666656,0.4242165555555556,50.0,6000,0.6718505581219991,0,64000,8
6,hf_wavefake,ours,transductive,hf_xlsr_stafford,55.08333333333333,0.4345716666666667,45.68333333333333,6000,13.40990617275238,279298,64000,8
7,hf_wavefake,source,transductive,hf_xlsr_stafford,55.400000000000006,0.42275861111111107,50.0,6000,0.6644984761873881,0,64000,8
7,hf_wavefake,ours,transductive,hf_xlsr_stafford,52.016666666666666,0.47242372222222223,48.41666666666667,6000,13.353901573022206,279298,64000,8
8,hf_wavefake,source,transductive,hf_xlsr_stafford,55.51666666666667,0.4256315555555556,50.0,6000,0.6623062531153361,0,64000,8
8,hf_wavefake,ours,transductive,hf_xlsr_stafford,52.93333333333333,0.4563553888888889,47.733333333333334,6000,13.361233329772949,279298,64000,8
9,hf_wavefake,source,transductive,hf_xlsr_stafford,55.966666666666676,0.4154051666666667,50.0,6000,0.662747855981191,0,64000,8
9,hf_wavefake,ours,transductive,hf_xlsr_stafford,56.21666666666667,0.41988811111111113,44.3,6000,13.379175686836243,279298,64000,8
3,hf_wavefake,source,transductive,hf_w2v2_mothecreator,65.16666666666666,0.33541188888888895,50.0,6000,0.2914706786473592,0,64000,16
3,hf_wavefake,ours,transductive,hf_w2v2_mothecreator,32.36666666666667,0.7284455555555557,52.800000000000004,6000,5.296041750907898,209666,64000,16
4,hf_wavefake,source,transductive,hf_w2v2_mothecreator,64.91666666666667,0.3360917777777777,50.0,6000,0.29055486917495726,0,64000,16
4,hf_wavefake,ours,transductive,hf_w2v2_mothecreator,32.31666666666666,0.7349127777777777,54.06666666666666,6000,5.297724930445353,209666,64000,16
5,hf_wavefake,source,transductive,hf_w2v2_mothecreator,65.31666666666666,0.334281,50.0,6000,0.2915261705716451,0,64000,16
5,hf_wavefake,ours,transductive,hf_w2v2_mothecreator,32.41666666666667,0.7289905555555555,52.916666666666664,6000,5.295714835325877,209666,64000,16
6,hf_wavefake,source,transductive,hf_w2v2_mothecreator,65.36666666666667,0.3292945,50.0,6000,0.2911564469337463,0,64000,16
6,hf_wavefake,ours,transductive,hf_w2v2_mothecreator,31.85,0.7406485555555555,55.05,6000,5.305002391338348,209666,64000,16
7,hf_wavefake,source,transductive,hf_w2v2_mothecreator,65.11666666666667,0.33534872222222223,50.0,6000,0.2924795905749003,0,64000,16
7,hf_wavefake,ours,transductive,hf_w2v2_mothecreator,32.083333333333336,0.735873,56.10000000000001,6000,5.321816575527191,209666,64000,16
8,hf_wavefake,source,transductive,hf_w2v2_mothecreator,64.73333333333333,0.3392998888888889,50.0,6000,0.29176724751790367,0,64000,16
8,hf_wavefake,ours,transductive,hf_w2v2_mothecreator,32.8,0.7317031666666668,55.1,6000,5.307022527853648,209666,64000,16
9,hf_wavefake,source,transductive,hf_w2v2_mothecreator,64.98333333333332,0.3370887222222223,50.0,6000,0.29282956520716347,0,64000,16
9,hf_wavefake,ours,transductive,hf_w2v2_mothecreator,33.51666666666666,0.7152839444444444,53.93333333333333,6000,5.3297500014305115,209666,64000,16
3,hf_commercialtts,source,transductive,hf_w2v2_mothecreator,22.132904608788856,0.8497298644784714,78.13504823151125,1866,0.11667304436365764,0,64000,16
3,hf_commercialtts,ours,transductive,hf_w2v2_mothecreator,22.400857449088964,0.7814245785989254,75.72347266881029,1866,1.6917288541793822,209666,64000,16
4,hf_commercialtts,source,transductive,hf_w2v2_mothecreator,22.132904608788856,0.8497327364274563,78.13504823151125,1866,0.11376574834187826,0,64000,16
4,hf_commercialtts,ours,transductive,hf_w2v2_mothecreator,22.186495176848876,0.7821844963003552,75.13397642015005,1866,1.7018911918004354,209666,64000,16
5,hf_commercialtts,source,transductive,hf_w2v2_mothecreator,22.132904608788856,0.8497315876478623,78.13504823151125,1866,0.11460808118184408,0,64000,16
5,hf_commercialtts,ours,transductive,hf_w2v2_mothecreator,22.400857449088964,0.7750672323257387,74.70525187566989,1866,1.6995656808217368,209666,64000,16
6,hf_commercialtts,source,transductive,hf_w2v2_mothecreator,22.132904608788856,0.8497327364274563,78.13504823151125,1866,0.11856083869934082,0,64000,16
6,hf_commercialtts,ours,transductive,hf_w2v2_mothecreator,22.561629153269024,0.7786341929651035,74.70525187566989,1866,1.7056152900060018,209666,64000,16
7,hf_commercialtts,source,transductive,hf_w2v2_mothecreator,22.132904608788856,0.8497315876478624,78.13504823151125,1866,0.11904676755269368,0,64000,16
7,hf_commercialtts,ours,transductive,hf_w2v2_mothecreator,22.29367631296892,0.8008297635007451,75.88424437299035,1866,1.7306679129600524,209666,64000,16
8,hf_commercialtts,source,transductive,hf_w2v2_mothecreator,22.132904608788856,0.8497241205805013,78.13504823151125,1866,0.11460517247517904,0,64000,16
8,hf_commercialtts,ours,transductive,hf_w2v2_mothecreator,22.45444801714898,0.7925166199687761,75.77706323687032,1866,1.6767914017041525,209666,64000,16
9,hf_commercialtts,source,transductive,hf_w2v2_mothecreator,22.132904608788856,0.8497338852070503,78.13504823151125,1866,0.11422489086786906,0,64000,16
9,hf_commercialtts,ours,transductive,hf_w2v2_mothecreator,22.400857449088964,0.8020049650254053,75.29474812433011,1866,1.6701795697212218,209666,64000,16
3,hf_wavefake,source,transductive,hf_w2v2_bisher,52.21666666666667,0.46602805555555554,50.0,6000,0.29077728192011515,0,64000,16
3,hf_wavefake,ours,transductive,hf_w2v2_bisher,51.0,0.48998738888888893,50.05,6000,5.309030453364055,209666,64000,16
4,hf_wavefake,source,transductive,hf_w2v2_bisher,51.016666666666666,0.4784637222222223,50.0,6000,0.29186339378356935,0,64000,16
4,hf_wavefake,ours,transductive,hf_w2v2_bisher,49.28333333333333,0.5124288888888888,51.33333333333333,6000,5.310669247309367,209666,64000,16
5,hf_wavefake,source,transductive,hf_w2v2_bisher,51.849999999999994,0.47238572222222225,50.0,6000,0.2942135572433472,0,64000,16
5,hf_wavefake,ours,transductive,hf_w2v2_bisher,50.56666666666667,0.49480127777777777,49.5,6000,5.314046490192413,209666,64000,16
6,hf_wavefake,source,transductive,hf_w2v2_bisher,50.86666666666666,0.4805216111111111,50.0,6000,0.2908623139063517,0,64000,16
6,hf_wavefake,ours,transductive,hf_w2v2_bisher,48.45,0.5194520555555555,52.18333333333334,6000,5.432240164279937,209666,64000,16
7,hf_wavefake,source,transductive,hf_w2v2_bisher,50.583333333333336,0.4824848888888889,50.0,6000,0.29744776487350466,0,64000,16
7,hf_wavefake,ours,transductive,hf_w2v2_bisher,48.86666666666667,0.5123366666666667,50.983333333333334,6000,5.377397688229879,209666,64000,16
8,hf_wavefake,source,transductive,hf_w2v2_bisher,50.81666666666666,0.4823637222222222,50.0,6000,0.29151708285013833,0,64000,16
8,hf_wavefake,ours,transductive,hf_w2v2_bisher,48.11666666666666,0.5235166666666666,52.25,6000,5.325408546129863,209666,64000,16
9,hf_wavefake,source,transductive,hf_w2v2_bisher,51.46666666666666,0.47425916666666657,50.0,6000,0.2927379131317139,0,64000,16
9,hf_wavefake,ours,transductive,hf_w2v2_bisher,49.21666666666666,0.5019436666666666,51.516666666666666,6000,5.352169462045034,209666,64000,16
3,hf_commercialtts,source,transductive,hf_w2v2_bisher,39.657020364415864,0.5743777348134209,48.87459807073955,1866,0.11465990940729777,0,64000,16
3,hf_commercialtts,ours,transductive,hf_w2v2_bisher,49.464094319399784,0.5036726483620125,46.08788853161844,1866,1.6855234026908874,209666,64000,16
4,hf_commercialtts,source,transductive,hf_w2v2_bisher,39.71061093247588,0.5740859447965454,48.87459807073955,1866,0.11524606943130493,0,64000,16
4,hf_commercialtts,ours,transductive,hf_w2v2_bisher,49.62486602357985,0.5012751453493381,45.659163987138264,1866,1.7151794234911601,209666,64000,16
5,hf_commercialtts,source,transductive,hf_w2v2_bisher,39.71061093247588,0.5740859447965454,48.87459807073955,1866,0.1203295111656189,0,64000,16
5,hf_commercialtts,ours,transductive,hf_w2v2_bisher,45.927116827438375,0.5583849996955734,46.67738478027867,1866,1.709831460316976,209666,64000,16
6,hf_commercialtts,source,transductive,hf_w2v2_bisher,39.71061093247588,0.5740859447965454,48.87459807073955,1866,0.12092663844426473,0,64000,16
6,hf_commercialtts,ours,transductive,hf_w2v2_bisher,43.78349410503751,0.5807379530355927,46.730975348338696,1866,1.6935769041379294,209666,64000,16
7,hf_commercialtts,source,transductive,hf_w2v2_bisher,39.71061093247588,0.5740859447965454,48.87459807073955,1866,0.1147718588511149,0,64000,16
7,hf_commercialtts,ours,transductive,hf_w2v2_bisher,46.73097534833869,0.5485824634199858,46.40943193997856,1866,1.6804502129554748,209666,64000,16
8,hf_commercialtts,source,transductive,hf_w2v2_bisher,39.71061093247588,0.5740859447965454,48.87459807073955,1866,0.11528210639953614,0,64000,16
8,hf_commercialtts,ours,transductive,hf_w2v2_bisher,49.571275455519825,0.5043314734591706,45.4983922829582,1866,1.6801257054011027,209666,64000,16
9,hf_commercialtts,source,transductive,hf_w2v2_bisher,39.71061093247588,0.5742582617356451,48.87459807073955,1866,0.11456218163172403,0,64000,16
9,hf_commercialtts,ours,transductive,hf_w2v2_bisher,51.28617363344051,0.4791978991118785,44.80171489817792,1866,1.6762936472892762,209666,64000,16
3,hf_wavefake,source,transductive,hf_ast_asv19,20.249999999999996,0.8791742777777778,50.0,6000,0.7777910788853963,0,163840,16
3,hf_wavefake,ours,transductive,hf_ast_asv19,17.833333333333336,0.9028420555555555,81.75,6000,12.457247575124105,15362,163840,16
4,hf_wavefake,source,transductive,hf_ast_asv19,19.48333333333333,0.8839995555555555,50.0,6000,0.7824783166249593,0,163840,16
4,hf_wavefake,ours,transductive,hf_ast_asv19,17.3,0.9062326111111112,82.63333333333334,6000,12.48697547117869,15362,163840,16
5,hf_wavefake,source,transductive,hf_ast_asv19,20.483333333333334,0.8769853333333333,50.0,6000,0.7801472028096517,0,163840,16
5,hf_wavefake,ours,transductive,hf_ast_asv19,18.21666666666667,0.9008783888888889,81.51666666666667,6000,12.486595658461253,15362,163840,16
6,hf_wavefake,source,transductive,hf_ast_asv19,21.000000000000004,0.8731605555555555,50.0,6000,0.7800214370091756,0,163840,16
6,hf_wavefake,ours,transductive,hf_ast_asv19,18.6,0.8968005555555554,81.39999999999999,6000,12.421587185064952,15362,163840,16
7,hf_wavefake,source,transductive,hf_ast_asv19,20.716666666666665,0.8779028333333334,50.0,6000,0.7784962733586629,0,163840,16
7,hf_wavefake,ours,transductive,hf_ast_asv19,18.483333333333334,0.9008748333333333,81.13333333333334,6000,12.52626937230428,15362,163840,16
8,hf_wavefake,source,transductive,hf_ast_asv19,20.216666666666665,0.8829482222222224,50.0,6000,0.801188596089681,0,163840,16
8,hf_wavefake,ours,transductive,hf_ast_asv19,17.916666666666668,0.9069746666666667,81.96666666666667,6000,12.816461733977,15362,163840,16
9,hf_wavefake,source,transductive,hf_ast_asv19,20.28333333333333,0.8827557222222222,50.0,6000,0.7971271832784017,0,163840,16
9,hf_wavefake,ours,transductive,hf_ast_asv19,17.566666666666663,0.9061552777777778,82.13333333333334,6000,12.71622633934021,15362,163840,16
3,hf_commercialtts,source,transductive,hf_ast_asv19,37.19185423365487,0.6680406070610887,51.661307609860664,1866,0.26453380584716796,0,163840,16
3,hf_commercialtts,ours,transductive,hf_ast_asv19,40.88960342979636,0.6112300097990899,62.11146838156485,1866,3.9041455507278444,15362,163840,16
4,hf_commercialtts,source,transductive,hf_ast_asv19,37.19185423365487,0.6680406070610887,51.661307609860664,1866,0.26504566669464114,0,163840,16
4,hf_commercialtts,ours,transductive,hf_ast_asv19,40.836012861736336,0.6113891157728586,61.89710610932476,1866,3.9330096443494162,15362,163840,16
5,hf_commercialtts,source,transductive,hf_ast_asv19,37.19185423365487,0.6680406070610887,51.661307609860664,1866,0.2639632701873779,0,163840,16
5,hf_commercialtts,ours,transductive,hf_ast_asv19,40.943193997856376,0.6114448315831676,61.36120042872455,1866,3.9159202218055724,15362,163840,16
6,hf_commercialtts,source,transductive,hf_ast_asv19,37.19185423365487,0.6680406070610887,51.661307609860664,1866,0.2651669144630432,0,163840,16
6,hf_commercialtts,ours,transductive,hf_ast_asv19,41.10396570203644,0.6074367395797076,61.36120042872455,1866,4.034053568045298,15362,163840,16
7,hf_commercialtts,source,transductive,hf_ast_asv19,37.19185423365487,0.6680406070610887,51.661307609860664,1866,0.2678584814071655,0,163840,16
7,hf_commercialtts,ours,transductive,hf_ast_asv19,40.836012861736336,0.6118704544227439,62.11146838156485,1866,3.916840354601542,15362,163840,16
8,hf_commercialtts,source,transductive,hf_ast_asv19,37.19185423365487,0.6680406070610887,51.661307609860664,1866,0.2665921529134115,0,163840,16
8,hf_commercialtts,ours,transductive,hf_ast_asv19,40.88960342979636,0.6109594722047034,62.0042872454448,1866,3.8785529931386313,15362,163840,16
9,hf_commercialtts,source,transductive,hf_ast_asv19,37.19185423365487,0.6680406070610887,51.661307609860664,1866,0.2614656766255697,0,163840,16
9,hf_commercialtts,ours,transductive,hf_ast_asv19,40.88960342979636,0.6095183282040324,62.27224008574491,1866,3.8738174359003703,15362,163840,16
